IGN,Agent,Rounds,Rating,ACS,K:D,ADR,KAST,KPR,APR,FKPR,FDPR,HS%,Mastery
starxo,fade,412,"0,93","175,5","0,89","115,6","0,71","0,6","0,33","0,07","0,07","2,47",1
starxo,sova,210,"0,9","179,6","0,84","126,1","0,64","0,58","0,26","0,07","0,08","1,22","0,9"
starxo,skye,21,"0,6",131,"0,67","78,2","0,62","0,48","0,24","0,05","0,14","0,1","0,8"
marteen,yoru,447,"1,38","271,6","1,46","173,6","0,77","0,97","0,27","0,17","0,1","4,35",1
marteen,phoenix,110,"1,15","233,4","1,06","156,1","0,76","0,77","0,45","0,15","0,1","0,85","0,9"
marteen,veto,44,"0,72","154,5","0,7","103,4","0,64","0,52","0,2","0,14","0,18","0,23","0,8"
marteen,waylay,21,"0,65",129,"0,63","85,5","0,71","0,48","0,14","0,1","0,14","0,1","0,7"
marteen,raze,21,"1,31",264,"1,62","177,9","0,81",1,"0,19","0,19","0,1","0,21","0,7"
GLYPH,astra,538,"0,91",161,"0,84","103,4","0,72","0,54","0,4","0,05","0,05","2,93",1
GLYPH,omen,62,"1,17","225,7","1,19","140,8","0,82","0,82","0,35","0,16","0,1","0,51","0,9"
GLYPH,brimstone,43,"1,09","197,5","1,04","119,1","0,79","0,67","0,4","0,02",0,"0,29","0,8"
bipo,neon,385,"0,86","175,6","0,87","114,1","0,7","0,62","0,22","0,11","0,18","2,4",1
bipo,waylay,205,"0,98","205,4","1,04","133,8","0,7","0,74","0,2","0,11","0,11","1,51","0,9"
bipo,raze,53,"0,75","169,3","0,89","105,7","0,64","0,64","0,13","0,11","0,21","0,34","0,8"
Minny,cypher,276,"1,14",202,"1,21","131,7","0,76","0,76","0,2","0,12","0,12","2,11",1
Minny,viper,251,"1,07","205,4","1,08","137,9","0,7","0,73","0,18","0,1","0,09","1,84","0,9"
Minny,brimstone,71,"0,93","173,3","0,96","114,2","0,69","0,63","0,31","0,06","0,1","0,45","0,8"
Minny,kayo,23,"0,46",102,"0,32","69,2","0,7","0,26","0,65",0,"0,17","0,06","0,7"
Minny,breach,22,"1,47",192,"1,7","143,6","0,86","0,77","0,45","0,09","0,05","0,17","0,7"
nAts,viper,429,"1,09","219,1","1,2","147,8","0,73","0,78","0,22","0,07","0,09","3,33",1
nAts,killjoy,139,1,203,"0,97","145,3","0,75","0,66","0,24","0,09","0,12","0,92","0,9"
nAts,cypher,114,"0,93","176,4","0,94","124,4","0,67","0,65","0,14","0,05","0,1","0,74","0,8"
nAts,astra,35,"0,92",197,"0,89","134,7","0,69","0,71","0,14","0,17","0,09","0,25","0,7"
nAts,brimstone,19,"1,58",281,"1,82",181,"0,84","1,05","0,37","0,16",0,"0,2","0,7"
purp0,skye,283,"0,98","163,2","1,02","109,1","0,78","0,62","0,32","0,07","0,05","1,76",1
purp0,sova,182,"1,01","171,6","1,06","113,8","0,74","0,63","0,2","0,04","0,03","1,14","0,9"
purp0,fade,170,"1,07","181,4","1,16","122,5","0,72","0,68","0,2","0,05","0,05","1,15","0,8"
purp0,waylay,45,"0,76","124,5","0,77","81,4","0,73","0,53","0,13","0,13","0,18","0,24","0,7"
purp0,jett,23,"1,43",288,"1,53","188,3","0,78",1,"0,17","0,22","0,04","0,23","0,7"
purp0,kayo,18,"0,83",187,"0,8","122,3","0,67","0,67","0,28","0,06","0,06","0,12","0,7"
purp0,breach,15,"0,67",174,"0,57","116,7","0,67","0,53","0,33","0,07",0,"0,08","0,7"
MiniBoo,neon,496,"1,05","227,5","1,15",146,"0,73","0,8","0,18","0,18","0,16","3,98",1
MiniBoo,waylay,108,"0,88",205,"0,91","138,2","0,67","0,71","0,18","0,17","0,25","0,77","0,9"
MiniBoo,yoru,68,"1,15","229,7","1,1","146,9","0,87","0,81","0,32","0,24","0,1","0,55","0,8"
MiniBoo,raze,64,"1,11","237,3","1,13","153,4","0,66","0,83","0,17","0,22","0,17","0,53","0,7"
kamo,yoru,228,"1,11","224,8","1,12","148,9","0,73","0,78","0,25","0,14","0,11","1,78",1
kamo,waylay,176,"0,88","185,4","0,95","120,4","0,76","0,68","0,23","0,11","0,15","1,19","0,9"
kamo,phoenix,137,"1,09","230,7","1,22","145,3","0,74","0,82","0,3","0,13","0,08","1,12","0,8"
kamo,fade,45,"1,03",201,"1,03","135,4","0,78","0,73","0,42","0,04","0,11","0,33","0,7"
kamo,raze,42,"1,49","304,5","1,57","208,6","0,71","1,05","0,17","0,17","0,02","0,44","0,7"
kamo,sova,41,"0,89","203,5","0,84","132,5","0,68","0,66","0,37","0,07","0,1","0,27","0,7"
kamo,gekko,30,"0,59",106,"0,6","74,1","0,63","0,4","0,13","0,07","0,13","0,12","0,7"
kamo,kayo,22,"0,71",151,"0,65",96,"0,82","0,5","0,64","0,05","0,09","0,11","0,7"
kamo,tejo,15,"0,66",157,"0,62","98,6","0,53","0,53","0,07",0,"0,13","0,08","0,7"
Wayne,omen,356,"0,95","174,9","0,93","115,4","0,73","0,64","0,3","0,06","0,09","2,28",1
Wayne,brimstone,189,"1,04","200,9","1,02","129,1","0,8","0,67","0,5","0,07","0,04","1,27","0,9"
Wayne,astra,131,"1,06",170,"1,07","111,6","0,78","0,62","0,39","0,05","0,05","0,81","0,8"
Wayne,harbor,41,"0,66","136,5","0,64","94,8","0,59","0,51","0,34","0,05","0,05","0,21","0,7"
Wayne,sage,19,"1,24",212,"1,5","131,7","0,84","0,79","0,42","0,11","0,11","0,15","0,7"
Derke,jett,149,"1,05","232,4","1,1","155,6","0,77","0,81","0,21","0,23","0,13","1,2",1
Derke,neon,123,"1,16","232,5","1,19","147,4","0,79","0,82","0,31","0,18","0,11","1,01","0,9"
Derke,waylay,52,"0,91",194,"0,83","132,5","0,69","0,63","0,31","0,1","0,12","0,33","0,8"
Derke,phoenix,41,"1,31","261,5","1,46","163,4","0,85","0,93","0,37","0,12","0,02","0,38","0,7"
Derke,raze,37,"0,82",176,"0,67","119,4","0,54","0,54","0,3","0,08","0,35","0,2","0,7"
Derke,yoru,22,"0,57",153,"0,72","94,8","0,5","0,59",0,"0,09","0,14","0,13","0,7"
Jamppi,yoru,202,"1,15","225,8","1,3","141,7","0,71","0,83","0,18","0,18","0,14","1,67",1
Jamppi,fade,67,"0,71","155,7","0,69","94,1","0,66","0,54","0,25","0,06","0,09","0,36","0,9"
Jamppi,sova,43,"0,96",190,"0,9","133,4","0,74","0,6","0,35","0,09","0,12","0,26","0,8"
Jamppi,kayo,39,"0,98",197,1,"119,8","0,74","0,69","0,44","0,1","0,1","0,27","0,7"
Jamppi,tejo,37,"0,59",159,"0,54","106,5","0,59","0,51","0,14","0,08","0,03","0,19","0,7"
Jamppi,skye,36,"0,93","121,5","1,2","85,8","0,81","0,5","0,19",0,"0,06","0,18","0,7"
Chronicle,viper,200,"1,12","221,1","1,12","148,3","0,69","0,78","0,26","0,07","0,11","1,55",1
Chronicle,chamber,93,"1,24","203,6","1,5","135,5","0,73","0,81","0,19","0,13","0,12","0,75","0,9"
Chronicle,veto,52,"1,01","237,3","1,11","152,6","0,73","0,79","0,17","0,15","0,12","0,41","0,8"
Chronicle,killjoy,40,"0,92","181,5","0,81","138,3","0,73","0,55","0,18","0,1","0,05","0,22","0,7"
Chronicle,harbor,39,"1,4","257,5",2,"166,3","0,82","0,97","0,49","0,05",0,"0,38","0,7"
PROFEK,omen,192,"0,88","172,6","0,86","115,3","0,7","0,59","0,35","0,07","0,06","1,13",1
PROFEK,astra,148,"1,15","195,8","1,3","126,3","0,8","0,73","0,33","0,11","0,07","1,08","0,9"
PROFEK,brimstone,61,"1,16","195,7","1,07","137,1","0,74","0,72","0,31","0,03","0,05","0,44","0,8"
PROFEK,harbor,23,"0,4",109,"0,35","76,2","0,65","0,3","0,26",0,0,"0,07","0,7"
Sayonara,sova,122,"1,37",228,"1,67",151,"0,8","0,86","0,23","0,1","0,03","1,05",1
Sayonara,viper,76,"1,31","243,5","1,57","153,1","0,78","0,91","0,24","0,11","0,07","0,69","0,9"
Sayonara,raze,24,"0,73",189,"0,78","120,4","0,71","0,58","0,25","0,08","0,13","0,14","0,8"
Sayonara,phoenix,24,"1,1",233,"1,06","166,7","0,71","0,79","0,29","0,08","0,17","0,19","0,7"
Alfajer,raze,244,"1,19","255,5","1,21","169,6","0,76","0,89","0,16","0,19","0,12","2,16",1
Alfajer,vyse,192,"1,23","242,8","1,35","165,4","0,76","0,89","0,17","0,14","0,06","1,71","0,9"
Alfajer,viper,64,"1,22","230,3","1,2",151,"0,72","0,83","0,28","0,08","0,05","0,53","0,8"
Alfajer,killjoy,58,"1,16","239,3","1,43","162,1","0,78","0,86","0,14","0,14","0,07","0,5","0,7"
Alfajer,waylay,52,"1,32",270,"1,39","171,3","0,81","0,96","0,25","0,23","0,17","0,5","0,7"
Alfajer,iso,26,"0,79",184,"0,94",126,"0,54","0,65","0,12","0,04","0,19","0,17","0,7"
Alfajer,cypher,16,"0,57",142,"0,47","101,4","0,5","0,44","0,06","0,06","0,13","0,07","0,7"
Boaster,astra,353,"0,8","135,7","0,73","89,1","0,69","0,48","0,33","0,05","0,08","1,69",1
Boaster,brimstone,154,1,"161,3","0,86","104,5","0,81","0,52","0,51","0,01","0,05","0,8","0,9"
Boaster,omen,74,"0,8","160,3","0,83",99,"0,64","0,51","0,24","0,09","0,07","0,38","0,8"
Boaster,harbor,71,"1,05",182,1,"110,7","0,7","0,65","0,38","0,13","0,07","0,46","0,7"
kaajak,yoru,241,"0,95","198,3","1,04",127,"0,69","0,71","0,18","0,15","0,15","1,7",1
kaajak,neon,204,"1,09","234,2","1,18","154,3","0,71","0,84","0,19","0,17","0,15","1,72","0,9"
kaajak,waylay,116,"0,8","179,6","0,87","114,6","0,59","0,65","0,13","0,18","0,2","0,75","0,8"
kaajak,jett,91,"1,16","240,3","1,37","153,1","0,66","0,89","0,12","0,23","0,2","0,81","0,7"
crashies,sova,324,"1,08",202,"1,1","132,6","0,73","0,7","0,28","0,05","0,04","2,28",1
crashies,fade,228,"0,99","167,1","1,08","108,7","0,71","0,62","0,21","0,05","0,04","1,42","0,9"
crashies,skye,100,"1,05","153,5","1,11","100,6","0,73","0,59","0,42","0,03","0,05","0,59","0,8"
Veqaj,viper,360,"1,07","224,4","1,14","149,4","0,71","0,76","0,26","0,12","0,08","2,73",1
Veqaj,kayo,215,"1,18","223,3","1,15","139,7","0,77","0,77","0,61","0,07","0,09","1,65","0,9"
Veqaj,jett,19,"0,54",127,"0,47","86,3","0,47","0,37","0,16","0,26","0,16","0,07","0,8"
dos9,omen,231,"1,22","219,1","1,31","134,5","0,79","0,81","0,39","0,06","0,08","1,88",1
dos9,astra,163,"0,98","191,1","0,99","122,4","0,74","0,66","0,32","0,06","0,06","1,08","0,9"
dos9,brimstone,71,"0,88","177,3","0,89","120,1","0,63","0,58","0,32","0,04","0,04","0,41","0,8"
dos9,neon,56,"0,83","182,3","0,93","110,5","0,7","0,66","0,23","0,13","0,14","0,37","0,7"
sheydos,fade,133,"0,64","133,2","0,67","91,3","0,65","0,47","0,23","0,03","0,1","0,62",1
sheydos,sova,117,"0,96","158,2","0,97","106,1","0,78","0,56","0,23","0,03","0,03","0,65","0,9"
sheydos,skye,42,"0,89","159,5","0,79","96,7","0,67","0,52","0,38","0,07","0,05","0,22","0,8"
LewN,yoru,196,"1,1",234,"1,19","144,7","0,73","0,84","0,14","0,19","0,12","1,64",1
LewN,waylay,143,"0,7","162,7","0,71","102,6","0,69","0,57","0,19","0,15","0,18","0,81","0,9"
LewN,jett,75,"1,37","295,3","1,54","182,8","0,73","1,03","0,12","0,28","0,13","0,77","0,8"
LewN,neon,45,"1,14",256,"1,15","170,1","0,71","0,84","0,18","0,13","0,13","0,38","0,7"
LewN,phoenix,41,"0,94",216,"0,94","132,5","0,8","0,73","0,49","0,12","0,15","0,3","0,7"
LewN,raze,21,"1,13",261,"1,36","166,4","0,62","0,9","0,1","0,24","0,1","0,19","0,7"
N4RRATE,fade,186,"0,99","200,9","0,98","132,5","0,76","0,67","0,38","0,06","0,07","1,25",1
N4RRATE,waylay,54,"0,6","147,5","0,53","101,4","0,7","0,44","0,37","0,11","0,13","0,24","0,9"
N4RRATE,chamber,26,"1,14",248,"1,05","154,4","0,73","0,81","0,08","0,31","0,15","0,21","0,8"
N4RRATE,neon,23,"1,02",248,"1,11","155,2","0,7","0,87","0,22","0,22","0,04","0,2","0,7"
N4RRATE,veto,22,"0,51",115,"0,53","87,6","0,73","0,41","0,18","0,09","0,14","0,09","0,7"
N4RRATE,gekko,21,"0,59",111,"0,5","84,6","0,76","0,33","0,19","0,1","0,1","0,07","0,7"
SUYGETSU,cypher,133,"1,08","198,3","1,15","130,5","0,73","0,71","0,18","0,09","0,05","0,94",1
SUYGETSU,viper,130,"1,13","204,7","1,13",143,"0,69","0,69","0,22","0,12","0,05","0,9","0,9"
SUYGETSU,vyse,100,"0,8","172,2","0,79","115,4","0,64","0,58","0,2","0,07","0,17","0,58","0,8"
SUYGETSU,astra,99,"1,07","183,6","1,1","120,5","0,78","0,66","0,46","0,06","0,1","0,65","0,7"
SUYGETSU,veto,39,"1,02",232,"1,03","160,7","0,62","0,82","0,15","0,1","0,13","0,32","0,7"
SUYGETSU,killjoy,20,"0,9",199,"1,08","150,4","0,8","0,65","0,25","0,15",0,"0,13","0,7"
Avez,tejo,129,"0,77","172,7","0,8","117,3","0,66","0,6","0,14","0,09","0,13","0,78",1
Avez,phoenix,115,"0,77","175,2","0,76","109,4","0,72","0,6","0,35","0,12","0,2","0,69","0,9"
Avez,kayo,72,"1,1","215,3","1,15","135,2","0,78","0,75","0,63","0,07","0,08","0,54","0,8"
Avez,omen,56,"1,04","169,3","0,92","107,8","0,71","0,63","0,48","0,11","0,11","0,35","0,7"
Avez,raze,50,"1,01",207,"1,15","138,1","0,72","0,76","0,1","0,08","0,12","0,38","0,7"
Avez,neon,39,"0,45",112,"0,42","69,6","0,59","0,36","0,26","0,03","0,21","0,14","0,7"
Avez,fade,22,"0,9",188,"0,88","109,2","0,55","0,68","0,18","0,09","0,18","0,15","0,7"
Avez,skye,21,"0,75",145,"0,8","100,1","0,67","0,57","0,1","0,14","0,1","0,12","0,7"
Avez,jett,17,"0,83",161,1,"106,5","0,59","0,59","0,06","0,18","0,12","0,1","0,7"
benjyfishy,cypher,156,"0,9","183,9","0,94","116,6","0,63","0,69","0,21","0,1","0,12","1,08",1
benjyfishy,viper,121,"1,14","230,8","1,13",154,"0,79","0,81","0,26","0,13","0,07","0,98","0,9"
benjyfishy,harbor,67,"0,97","180,7","0,93","113,6","0,75","0,64","0,42","0,09","0,03","0,43","0,8"
benjyfishy,veto,24,"1,09",246,"1,21","166,2","0,58","0,96","0,08","0,21","0,04","0,23","0,7"
benjyfishy,vyse,15,"1,16",170,"1,6","108,5","0,87","0,53","0,47","0,13","0,07","0,08","0,7"
Boo,astra,150,"0,88","151,3","0,77","98,8","0,69","0,51","0,38","0,06","0,09","0,77",1
Boo,omen,135,"1,07","173,6","0,98","114,8","0,77","0,63","0,41","0,05","0,07","0,85","0,9"
Boo,brimstone,81,"1,11","185,3","1,11",116,"0,78","0,64","0,51","0,05","0,04","0,52","0,8"
Boo,sage,17,"1,3",147,"2,2","94,5","0,88","0,65","0,18","0,12",0,"0,11","0,7"
Wo0t,neon,110,"0,9","200,6","0,92","129,7","0,63","0,71","0,18","0,19","0,17","0,78",1
Wo0t,yoru,79,"1,11","209,3","1,23","140,7","0,82","0,73","0,34","0,09","0,1","0,58","0,9"
Wo0t,kayo,38,"0,89",157,"0,72","108,2","0,71","0,55","0,42","0,05","0,08","0,21","0,8"
Wo0t,fade,37,"0,63",146,"0,59","107,4","0,73","0,46","0,22","0,05","0,11","0,17","0,7"
Wo0t,raze,35,"1,12",185,"1,33","119,7","0,74","0,69","0,26","0,11","0,09","0,24","0,7"
Wo0t,tejo,24,"1,25",277,"1,22","173,9","0,88","0,92","0,38","0,25","0,04","0,22","0,7"
Wo0t,waylay,24,"0,72",165,"0,78","106,2","0,63","0,58","0,17","0,13","0,13","0,14","0,7"
Wo0t,phoenix,19,"1,07",241,1,"159,3","0,63","0,84","0,21","0,16","0,11","0,16","0,7"
Wo0t,chamber,17,"1,17",200,"1,44","126,9",1,"0,76","0,24","0,24","0,06","0,13","0,7"
Koshmaras,neon,321,"1,02","240,4","1,04","148,2","0,7","0,81","0,22","0,17","0,18","2,6",1
Koshmaras,yoru,250,"1,02","227,6","1,02","147,2","0,69","0,79","0,22","0,18","0,15","1,97","0,9"
Koshmaras,waylay,67,"0,61",130,"0,55","93,6","0,57","0,4","0,25","0,1","0,13","0,27","0,8"
Koshmaras,chamber,66,"0,67","148,3","0,58","96,8","0,58","0,47","0,14","0,08","0,09","0,31","0,7"
Koshmaras,raze,22,"1,02",253,"1,13","157,5","0,82","0,82","0,32","0,23","0,18","0,18","0,7"
Koshmaras,omen,19,"1,06",204,"0,87","152,9","0,84","0,68","0,53","0,16","0,05","0,13","0,7"
RieNs,sova,177,"0,94","188,8","0,94","124,9","0,69","0,67","0,22","0,11","0,07","1,18",1
RieNs,skye,110,"0,85","173,6","0,76","116,7","0,75","0,6","0,41","0,06","0,06","0,66","0,9"
RieNs,fade,59,"1,18","232,3","1,15","158,3","0,78","0,78","0,42","0,17","0,07","0,46","0,8"
RieNs,gekko,37,"0,96","211,5","0,97","152,1","0,78","0,81","0,3","0,05","0,03","0,3","0,7"
hiro,viper,152,"1,16",223,"1,21","146,4","0,7","0,8","0,25","0,07","0,11","1,21",1
hiro,tejo,119,"1,32","246,4","1,32","169,4","0,73","0,86","0,26","0,03","0,08","1,02","0,9"
hiro,cypher,66,"1,26",256,"1,42","154,8","0,73","0,92","0,11","0,08","0,03","0,61","0,8"
hiro,vyse,64,"0,86","198,7","0,83","131,8","0,63","0,63","0,23","0,08","0,11","0,4","0,7"
hiro,sova,36,"1,27","210,5","1,18",143,"0,67","0,72","0,33","0,08","0,03","0,26","0,7"
hiro,fade,21,"0,74",165,"0,71","110,9","0,71","0,57","0,14","0,05","0,1","0,12","0,7"
hiro,killjoy,18,"0,77",181,"0,81","119,8","0,5","0,72","0,06",0,"0,11","0,13","0,7"
hiro,veto,17,"1,32",286,"1,23","212,1","0,71","0,94","0,18","0,06","0,06","0,16","0,7"
Ruxic,viper,172,"1,12","217,9","1,13","147,5","0,65","0,77","0,23","0,07","0,14","1,32",1
Ruxic,omen,104,"0,87","178,8","0,83","112,5","0,73","0,62","0,4","0,08","0,08","0,64","0,9"
Ruxic,astra,45,"1,26","220,5","1,32","143,4","0,78","0,82","0,36","0,09","0,07","0,37","0,8"
Ruxic,brimstone,44,"1,36","268,5","1,43","175,1","0,82","0,91","0,45","0,16","0,02","0,4","0,7"
Ruxic,chamber,23,"1,27",287,"1,41","175,9","0,87","1,04","0,09","0,22",0,"0,24","0,7"
ComeBack,neon,160,"0,98","242,1","1,06",147,"0,68","0,83","0,18","0,19","0,15","1,32",1
ComeBack,chamber,110,"0,96","192,4","1,03","126,8","0,69","0,7","0,05","0,14","0,08","0,77","0,9"
ComeBack,jett,62,"0,91",183,"0,88","130,4","0,65","0,68","0,16","0,15","0,13","0,42","0,8"
ComeBack,waylay,37,"1,17","203,5","1,2","133,1","0,62","0,81","0,08","0,3","0,14","0,3","0,7"
ComeBack,yoru,24,"0,64",161,"0,6","102,8","0,71","0,5","0,21","0,17","0,04","0,12","0,7"
ExiT,waylay,145,"0,94","213,9","0,96","138,1","0,77","0,74","0,26","0,19","0,21","1,08",1
ExiT,yoru,39,"1,41","227,5","1,04","158,3","0,67","0,74","0,18","0,39","0,11","0,29","0,9"
ExiT,jett,24,"1,11",263,"1,05",172,"0,75","0,88","0,17","0,17","0,08","0,21","0,8"
ExiT,neon,16,"1,36",317,"1,64","206,8","0,75","1,13","0,19","0,31","0,13","0,18","0,7"
Shao,astra,139,"0,87","158,7","0,87","103,9","0,65","0,6","0,19","0,05","0,07","0,83",1
Shao,brimstone,76,"0,69","138,7","0,6","91,3","0,68","0,43","0,32","0,09","0,05","0,33","0,9"
Shao,omen,23,"0,24",61,"0,26","35,8","0,57","0,22","0,26","0,04","0,17","0,05","0,8"
Shao,sova,18,"0,72",179,"0,65","132,1","0,67","0,61","0,39","0,06","0,11","0,11","0,7"
chloric,sova,237,"0,98","180,6","0,92","130,4","0,69","0,58","0,31","0,07","0,09","1,38",1
chloric,fade,149,"0,96","172,7","0,96","114,5","0,7","0,63","0,27","0,03","0,08","0,94","0,9"
chloric,skye,89,"1,02","187,3","0,93","118,1","0,74","0,63","0,43","0,07","0,06","0,56","0,8"
chloric,viper,82,"1,16","227,3","1,25","145,9","0,74","0,78","0,29","0,13","0,11","0,64","0,7"
chloric,deadlock,77,"1,29",255,"1,33","163,7","0,78","0,88","0,29","0,08","0,06","0,68","0,7"
chloric,yoru,23,"0,82",154,"0,81","109,5","0,61","0,57","0,3","0,04","0,22","0,13","0,7"
chloric,tejo,17,"0,88",197,"0,71","148,1","0,59","0,59","0,24",0,"0,12","0,1","0,7"
Filu,yoru,123,"0,97",212,"0,99","135,8","0,69","0,75","0,19","0,18","0,16","0,92",1
Filu,raze,116,"0,64","152,2","0,66",110,"0,59","0,54","0,09","0,1","0,17","0,63","0,9"
Filu,chamber,110,"1,08",190,"1,17","124,3","0,69","0,7","0,15","0,13","0,11","0,77","0,8"
Filu,neon,80,"1,08","234,8","1,14","154,6","0,71","0,83","0,16","0,16","0,18","0,66","0,7"
Filu,omen,42,"1,04",183,"1,04","125,6","0,71","0,67","0,31","0,1","0,1","0,28","0,7"
Filu,brimstone,22,"0,77",140,"0,53","100,8","0,77","0,36","0,55","0,09","0,09","0,08","0,7"
Loita,omen,335,"1,07","187,3","1,06","125,5","0,73","0,7","0,39","0,06","0,07","2,33",1
Loita,astra,111,"0,93","165,6","0,83","109,4","0,63","0,57","0,35","0,05","0,14","0,63","0,9"
Loita,viper,44,1,"189,5","0,97","134,4","0,7","0,7","0,3","0,05","0,05","0,31","0,8"
Lar0k,neon,208,"0,79","165,2","0,81","106,2","0,68","0,6","0,24","0,11","0,17","1,24",1
Lar0k,waylay,111,"1,09","222,2","1,14","140,4","0,68","0,78","0,18","0,16","0,16","0,87","0,9"
Lar0k,raze,82,"1,23",268,"1,27","182,5","0,76","0,93","0,21","0,16","0,15","0,76","0,8"
Lar0k,jett,44,"1,57",339,"1,71","217,2","0,8","1,2","0,09","0,23","0,11","0,53","0,7"
Lar0k,breach,24,"1,06",172,"1,17","106,9","0,83","0,58","0,42",0,"0,08","0,14","0,7"
Lar0k,kayo,21,"1,43",229,"1,55",159,"0,76","0,81","0,33","0,1","0,1","0,17","0,7"
lovers rock,yoru,337,"1,06",217,"1,07","138,9","0,72","0,77","0,22","0,13","0,11","2,58",1
lovers rock,jett,68,"0,95","208,7","1,02","129,1","0,63","0,75","0,07","0,19","0,19","0,51","0,9"
lovers rock,waylay,43,"0,61",134,"0,51","99,1","0,58","0,42","0,21","0,09","0,12","0,18","0,8"
lovers rock,neon,42,"1,09","197,5","1,15","123,7","0,62","0,71","0,14","0,07","0,1","0,3","0,7"
Rose,sova,352,"0,83","165,4","0,82","115,4","0,67","0,56","0,26","0,05","0,07","1,97",1
Rose,fade,91,"0,72","150,3","0,73","98,9","0,57","0,53","0,16","0,12","0,1","0,48","0,9"
Rose,skye,47,"0,92",187,1,"116,6","0,77","0,68","0,23","0,09","0,09","0,32","0,8"
Crewen,cypher,312,"0,85","180,4","0,89",119,"0,63","0,65","0,16","0,08","0,09","2,03",1
Crewen,viper,136,"0,94",184,"0,98","125,2","0,61","0,65","0,19","0,1","0,11","0,88","0,9"
Crewen,vyse,42,"0,94","169,5","0,83","129,1","0,62","0,57","0,26","0,1","0,07","0,24","0,8"
audaz,astra,235,"1,01","175,3","1,01","115,8","0,74","0,63","0,26","0,05","0,06","1,48",1
audaz,omen,204,"0,87","160,6","0,81","103,6","0,7","0,57","0,34","0,05","0,09","1,16","0,9"
audaz,brimstone,120,"1,12","228,4","1,11","144,6","0,78","0,77","0,41","0,04","0,07","0,92","0,8"
echo,viper,208,"0,92","202,1","0,97","131,3","0,65","0,72","0,18","0,1","0,15","1,49",1
echo,cypher,69,"1,13","228,3","1,29","152,4","0,67","0,84","0,14","0,14","0,14","0,58","0,9"
echo,chamber,65,"1,01",217,"1,06","136,2","0,58","0,8","0,06","0,15","0,17","0,52","0,8"
echo,veto,52,"1,04",198,"1,09","141,3","0,67","0,71","0,12","0,1","0,1","0,37","0,7"
echo,waylay,20,"0,21",59,"0,24","38,2","0,35","0,2","0,1",0,"0,25","0,04","0,7"
Favian,raze,103,"0,95","192,2","0,92","133,3","0,64","0,68","0,15","0,1","0,1","0,7",1
Favian,waylay,90,"0,92","205,5","0,97","128,3","0,71","0,79","0,2","0,21","0,12","0,71","0,9"
Favian,viper,85,"0,96",199,"0,88","133,8","0,68","0,69","0,21","0,06","0,06","0,59","0,8"
Favian,neon,82,"1,12","222,8","1,3","144,3","0,74","0,84","0,17","0,17","0,1","0,69","0,7"
Favian,breach,59,"0,98","206,3","0,98","133,7","0,66","0,75","0,37","0,07","0,08","0,44","0,7"
Favian,kayo,52,"0,98","190,5","0,89","125,4","0,69","0,63","0,37","0,06","0,12","0,33","0,7"
Favian,skye,48,"1,22",227,"1,33","140,5","0,75","0,83","0,44","0,04","0,08","0,4","0,7"
Favian,chamber,21,"0,74",151,"0,76","104,7","0,52","0,62","0,1","0,1","0,19","0,13","0,7"
Favian,phoenix,19,"1,57",323,2,195,"0,84","1,16","0,58","0,21","0,05","0,22","0,7"
Izzy,neon,228,"1,01",213,"1,08","130,8","0,68","0,75","0,16","0,15","0,18","1,7",1
Izzy,yoru,120,"0,85","175,8","0,83","113,9","0,7","0,59","0,24","0,12","0,16","0,71","0,9"
Izzy,waylay,68,"0,85","180,7","0,86","122,2","0,6","0,62","0,16","0,13","0,21","0,42","0,8"
Izzy,jett,52,"0,92",197,"1,09","124,1","0,67","0,71","0,17","0,21","0,23","0,37","0,7"
Izzy,raze,17,"0,94",184,"1,1","114,2","0,88","0,65","0,18","0,12","0,12","0,11","0,7"
nekky,sova,233,"0,83","167,1","0,78","119,2","0,67","0,57","0,25","0,04","0,06","1,32",1
nekky,fade,210,"0,95","193,8","1,01","129,7","0,7","0,7","0,17","0,08","0,04","1,46","0,9"
nekky,skye,68,"0,77","171,7","0,75","106,7","0,6","0,6","0,22","0,04","0,09","0,41","0,8"
nekky,vyse,24,"0,65",115,"0,57","87,1","0,79","0,33","0,33",0,0,"0,08","0,7"
nekky,tejo,24,"1,25",205,"1,27","136,4","0,63","0,79","0,17","0,04","0,08","0,19","0,7"
yetujey,viper,279,"1,25","227,2","1,33","153,2","0,75","0,8","0,22","0,09","0,06","2,23",1
yetujey,cypher,111,"0,93","174,8","0,95","112,6","0,68","0,64","0,21","0,1","0,08","0,71","0,9"
yetujey,killjoy,63,"1,01",183,"1,08","129,4","0,68","0,62","0,13","0,08","0,06","0,39","0,8"
yetujey,waylay,51,"0,87",185,"0,86","130,4","0,73","0,61","0,22","0,08","0,16","0,31","0,7"
yetujey,omen,34,"0,89",176,"0,83","118,6","0,71","0,59","0,32","0,03","0,09","0,2","0,7"
yetujey,vyse,26,"1,2",217,"1,31","159,3","0,73","0,81","0,15","0,04","0,19","0,21","0,7"
yetujey,chamber,20,"1,03",203,"0,88","132,4","0,7","0,7","0,05","0,05","0,1","0,14","0,7"
qRaxs,waylay,108,"0,68","143,6","0,68","91,7","0,64","0,52","0,22","0,04","0,15","0,56",1
qRaxs,fade,26,"0,74",137,"0,71","90,1","0,73","0,46","0,19","0,04","0,04","0,12","0,9"
qRaxs,skye,23,"0,85",179,"0,88","121,8","0,74","0,61","0,52","0,09","0,04","0,14","0,8"
qRaxs,viper,21,"0,95",152,1,"104,9","0,81","0,57","0,14","0,1","0,19","0,12","0,7"
qRaxs,sage,17,"0,35",93,"0,46","49,4","0,59","0,35","0,06","0,06","0,18","0,06","0,7"
xeus,waylay,185,"1,07","218,8","1,15",144,"0,7","0,85","0,12","0,16","0,15","1,58",1
xeus,yoru,125,"0,74","168,8","0,78","106,8","0,65","0,61","0,16","0,14","0,14","0,76","0,9"
xeus,neon,95,"1,06",220,"1,17",136,"0,74","0,81","0,13","0,23","0,11","0,77","0,8"
xeus,raze,84,"0,92",199,"0,98","135,8","0,73","0,68","0,2","0,06","0,14","0,57","0,7"
xeus,jett,50,"1,25","291,5","1,37","182,3","0,74","1,04","0,06","0,18","0,08","0,52","0,7"
xeus,chamber,23,"1,22",251,"1,47","145,8","0,74","0,96","0,09","0,17","0,13","0,22","0,7"
xeus,phoenix,22,"1,06",230,"1,12","164,5","0,77","0,86","0,23","0,23",0,"0,19","0,7"
baha,astra,70,"0,72","162,3","0,72","101,7","0,59","0,56","0,24","0,04","0,11","0,39",1
baha,viper,51,"0,79","194,5","0,85","118,3","0,59","0,65","0,16","0,06","0,08","0,33","0,9"
baha,killjoy,26,"0,45",132,"0,5","94,7","0,54","0,42","0,04","0,04","0,12","0,11","0,8"
KROSTALY,fade,252,"1,08","204,9","1,13","133,9","0,75","0,74","0,2","0,08","0,08","1,86",1
KROSTALY,sova,108,"0,98",164,"0,93","113,3","0,71","0,58","0,25","0,04","0,04","0,63","0,9"
KROSTALY,skye,83,"1,19",188,"1,27","112,7","0,78","0,67","0,49","0,04","0,07","0,56","0,8"
KROSTALY,kayo,76,"0,9",190,"0,85","119,9","0,71","0,62","0,33","0,04","0,08","0,47","0,7"
KROSTALY,tejo,43,"0,71","134,5","0,77","88,8","0,72","0,56","0,19","0,02","0,09","0,24","0,7"
KROSTALY,breach,22,"0,5",102,"0,35","73,9","0,77","0,27","0,55","0,05","0,09","0,06","0,7"
MrFaliN,astra,116,"1,08","187,8","1,03","127,4","0,69","0,65","0,44","0,04","0,09","0,75",1
MrFaliN,omen,90,"0,87","147,5","0,79","93,1","0,6","0,53","0,29","0,07","0,14","0,48","0,9"
MrFaliN,brimstone,66,"1,05","212,7","0,98","130,6","0,73","0,67","0,47","0,11","0,23","0,44","0,8"
MrFaliN,fade,54,"1,16","206,5","1,14","138,5","0,7","0,78","0,26","0,11","0,07","0,42","0,7"
MrFaliN,sova,16,"0,51",104,"0,38",74,"0,38","0,31","0,13",0,"0,19","0,05","0,7"
Flickless,viper,214,"0,9",190,"0,93","128,2","0,68","0,68","0,34","0,11","0,08","1,45",1
Flickless,cypher,122,"1,25","205,7","1,26","142,7","0,76","0,71","0,34","0,11","0,02","0,87","0,9"
Flickless,breach,80,"0,86","160,8","0,81","100,2","0,71","0,59","0,39","0,04","0,03","0,47","0,8"
Flickless,kayo,60,"0,96","161,3","0,9","101,4","0,7","0,6","0,43","0,05","0,13","0,36","0,7"
Flickless,fade,42,"0,79","165,5","0,73","100,9","0,74","0,52","0,48","0,07","0,07","0,22","0,7"
Flickless,skye,42,"0,93","178,5","0,84","131,6","0,67","0,64","0,31","0,02","0,1","0,27","0,7"
Flickless,killjoy,14,"0,64",139,"0,46","93,6","0,57","0,43","0,21",0,"0,07","0,06","0,7"
ara,neon,303,"1,13","228,1","1,16","144,6","0,73","0,8","0,16","0,18","0,11","2,41",1
ara,waylay,117,"0,93","187,7","0,91","124,5","0,68","0,71","0,15","0,15","0,21","0,83","0,9"
ara,raze,113,"0,86","165,8","0,88",114,"0,64","0,6","0,1","0,14","0,22","0,68","0,8"
ara,jett,41,"0,59",131,"0,63",91,"0,56","0,49","0,12","0,1","0,2","0,2","0,7"
westside,yoru,127,"1,04","210,3","1,07","134,8","0,65","0,8","0,13","0,13","0,11","1,02",1
westside,viper,106,"0,88","182,6","0,92","121,2","0,69","0,65","0,18","0,11","0,08","0,69","0,9"
westside,phoenix,82,"1,26",239,"1,39","160,8","0,79","0,87","0,27","0,1","0,12","0,71","0,8"
westside,chamber,77,"0,82","179,5","0,76","128,5","0,57","0,62","0,06","0,16","0,18","0,48","0,7"
westside,sage,56,"1,05","227,5","1,18","155,3","0,71","0,82","0,16","0,13","0,11","0,46","0,7"
westside,waylay,45,"1,06","178,5","1,22","128,2","0,73","0,73","0,16","0,16","0,18","0,33","0,7"
westside,cypher,42,"0,92","208,5",1,"135,3","0,76","0,81","0,1","0,14","0,12","0,34","0,7"
westside,veto,20,"0,52",95,"0,57","68,8","0,5","0,4","0,05","0,1","0,15","0,08","0,7"
westside,killjoy,19,"1,35",270,"1,46","177,9","0,84",1,"0,32","0,32","0,11","0,19","0,7"
Cloud,sova,259,"0,93","187,4","0,94","130,5","0,74","0,62","0,25","0,07","0,09","1,61",1
Cloud,skye,124,"1,19","238,4","1,21","160,2","0,77","0,83","0,4","0,08","0,04","1,03","0,9"
Cloud,tejo,119,"0,84","163,7","0,74","120,4","0,72","0,55","0,34","0,08","0,09","0,65","0,8"
Cloud,fade,72,"0,79","155,3","0,67","104,1","0,71","0,5","0,24","0,07","0,06","0,36","0,7"
GRUBINHO,omen,282,"0,91","162,6","0,85","105,9","0,73","0,58","0,38","0,08","0,08","1,63",1
GRUBINHO,astra,198,"0,91","170,7","0,88","114,1","0,7","0,63","0,33","0,06","0,05","1,24","0,9"
GRUBINHO,brimstone,94,"0,73",145,"0,7","93,3","0,6","0,5","0,35","0,03","0,09","0,47","0,8"
al0rante,viper,202,"0,98","206,1","0,97","137,5","0,69","0,73","0,23","0,09","0,1","1,47",1
al0rante,veto,67,"1,01","189,7","1,09",129,"0,61","0,72","0,09","0,09","0,12","0,48","0,9"
al0rante,brimstone,42,"1,12","245,5","1,13","156,5","0,79","0,86","0,24","0,07","0,17","0,36","0,8"
al0rante,vyse,24,"0,68",130,"0,65","100,1","0,67","0,46","0,21","0,04","0,08","0,11","0,7"
qpert,astra,169,"0,99","163,3","0,96","107,7","0,8","0,58","0,43","0,05","0,04","0,98",1
qpert,omen,166,"0,74","132,8","0,65","88,1","0,72","0,46","0,3","0,04","0,07","0,77","0,9"
cNed,neon,160,"0,93","187,6","0,93","123,2","0,65","0,66","0,17","0,13","0,14","1,06",1
cNed,waylay,107,"0,82","166,4","0,85","108,4","0,66","0,64","0,11","0,11","0,16","0,69","0,9"
cNed,yoru,26,"0,93",173,"0,78","120,5","0,69","0,54","0,31","0,08","0,12","0,14","0,8"
cNed,jett,21,"0,92",199,"1,14","113,2","0,76","0,76",0,"0,1","0,1","0,16","0,7"
cNed,chamber,21,"0,96",240,1,"169,8","0,62","0,81","0,19","0,1","0,19","0,17","0,7"
seven,raze,119,"0,84",199,"0,82","129,7","0,67","0,61","0,19","0,15","0,19","0,72",1
seven,kayo,104,"0,97","195,4","0,85","135,5","0,68","0,62","0,44","0,12","0,12","0,64","0,9"
seven,veto,26,"1,17",235,"1,22","148,7","0,62","0,85","0,04","0,19","0,23","0,22","0,8"
seven,skye,24,"1,01",225,"1,06","150,6","0,79","0,75","0,33","0,17","0,08","0,18","0,7"
seven,deadlock,24,"1,33",261,"1,41","166,1","0,83",1,"0,21","0,13","0,17","0,24","0,7"
seven,neon,21,"1,34",319,"1,38","200,9","0,81","1,05","0,33","0,24","0,33","0,22","0,7"
seven,sage,17,"0,57",116,"0,5","82,9","0,35","0,41","0,12",0,"0,18","0,07","0,7"
NINJA,fade,227,"0,97",180,"0,94","120,5","0,7","0,65","0,2","0,05","0,07","1,48",1
NINJA,tejo,66,"1,09","212,7","1,14","145,9","0,77","0,76","0,21","0,03","0,08","0,5","0,9"
NINJA,sova,42,"0,99","161,5","1,13","94,7","0,76","0,62","0,17","0,07","0,02","0,26","0,8"
bang,omen,182,"1,21","202,9","1,26","125,7","0,77","0,77","0,29","0,06","0,05","1,41",1
bang,astra,78,"1,06","181,8","1,04",124,"0,78","0,68","0,42","0,03","0,03","0,53","0,9"
bang,viper,74,"0,82",136,"0,79","89,3","0,68","0,5","0,2","0,07","0,12","0,37","0,8"
bang,harbor,17,"1,24",205,"1,4","124,4","0,88","0,82","0,53",0,0,"0,14","0,7"
Asuna,sage,138,"0,89","170,8","0,8","108,4","0,78","0,54","0,41","0,03","0,11","0,75",1
Asuna,kayo,95,"1,01",173,"0,93","107,4","0,81","0,6","0,69","0,03","0,05","0,57","0,9"
Asuna,omen,46,"0,75",121,"0,62","70,7","0,59","0,39","0,41","0,02","0,09","0,18","0,8"
Asuna,neon,44,"0,86",174,"0,84","108,7","0,66","0,59","0,09","0,16","0,14","0,26","0,7"
Asuna,brimstone,28,"1,2",216,"1,12","146,9","0,82","0,68","0,54","0,07","0,04","0,19","0,7"
Timotino,waylay,208,"0,93","211,6","0,92","144,2","0,66","0,74","0,25","0,19","0,21","1,53",1
Timotino,neon,46,"0,89","227,5","0,97","144,7","0,63","0,76","0,22","0,2","0,15","0,35","0,9"
Timotino,phoenix,44,"0,81","189,5","0,65","129,2","0,66","0,55","0,45","0,11","0,16","0,24","0,8"
Timotino,raze,36,"1,04",228,"1,04",141,"0,69","0,81","0,14","0,28","0,19","0,29","0,7"
Timotino,jett,17,"1,32",283,"1,46","173,7","0,76","1,12","0,12","0,29","0,35","0,19","0,7"
vora,fade,172,"0,87","168,9","0,83","115,3","0,72","0,59","0,31","0,04","0,11","1,01",1
vora,skye,82,"0,94",172,"0,8","112,1","0,7","0,57","0,44","0,04","0,05","0,47","0,9"
vora,sova,61,"0,81","157,3","0,77","110,9","0,72","0,49","0,38","0,03","0,1","0,3","0,8"
vora,tejo,36,"1,3","255,5","1,5","155,7","0,81","0,92","0,17","0,06","0,06","0,33","0,7"
penny,raze,109,"0,92","191,8","0,99","125,6","0,71","0,68","0,23","0,08","0,15","0,74",1
penny,viper,84,"0,89",183,"0,96","116,6","0,69","0,63","0,26","0,07","0,12","0,53","0,9"
penny,neon,80,"0,9",203,"0,93",138,"0,69","0,7","0,26","0,14","0,2","0,56","0,8"
penny,waylay,39,"0,92","177,5","0,87",126,"0,59","0,67","0,15","0,08","0,18","0,26","0,7"
penny,yoru,21,"0,89",166,"0,93",99,"0,57","0,62","0,14","0,19","0,14","0,13","0,7"
penny,chamber,19,"0,41",104,"0,44","61,2","0,42","0,37","0,05","0,16","0,16","0,07","0,7"
penny,vyse,18,"1,04",206,"0,92","126,4","0,56","0,67","0,22","0,11","0,06","0,12","0,7"
v1c,astra,197,"0,96","164,9","0,92","111,4","0,75","0,6","0,36","0,05","0,07","1,18",1
v1c,omen,133,"0,91","167,3","0,84","117,3","0,78","0,56","0,42","0,1","0,14","0,74","0,9"
v1c,viper,40,"1,58",284,"1,95","173,2","0,85","1,08","0,23","0,15","0,05","0,43","0,8"
OXY,neon,101,"1,17","263,4","1,14","166,3","0,72","0,91","0,22","0,16","0,18","0,92",1
OXY,chamber,90,"1,21",241,"1,44","152,3","0,7","0,91","0,09","0,22","0,12","0,82","0,9"
OXY,jett,35,"1,11","263,5","1,07","172,2","0,71","0,91","0,17","0,29","0,14","0,32","0,8"
OXY,veto,24,"0,91",204,1,"134,9","0,67","0,79","0,04","0,17","0,13","0,19","0,7"
Xeppaa,skye,170,"1,05","193,6","0,98",125,"0,77","0,64","0,51","0,02","0,05","1,09",1
Xeppaa,sova,96,"0,77",158,"0,74","109,4","0,69","0,53","0,26","0,02","0,08","0,51","0,9"
Xeppaa,tejo,80,"1,21",237,"1,31","151,1","0,76","0,84","0,19","0,05","0,05","0,67","0,8"
Xeppaa,fade,24,"0,76",132,"0,65",83,"0,63","0,46","0,5","0,13","0,13","0,11","0,7"
Zellsis,kayo,100,"0,9","152,3","0,79","86,3","0,76","0,49","0,69","0,04","0,09","0,49",1
Zellsis,viper,90,"0,88",170,"0,82","106,1","0,71","0,57","0,42","0,08","0,1","0,51","0,9"
Zellsis,brimstone,40,"0,92",169,"0,92","103,4","0,7","0,55","0,45","0,05","0,1","0,22","0,8"
Zellsis,killjoy,40,"0,88","164,5","0,82",113,"0,7","0,58","0,2","0,05","0,1","0,23","0,7"
Zellsis,tejo,37,"0,63","128,5","0,59","90,1","0,51","0,46","0,19","0,03","0,14","0,17","0,7"
Zellsis,sage,24,"0,89",165,"0,71","100,9","0,67","0,5","0,5",0,"0,08","0,12","0,7"
Zellsis,vyse,24,"1,27",261,"1,38","162,5","0,83","0,92","0,25","0,21","0,04","0,22","0,7"
Zellsis,breach,15,"0,47",91,"0,31","55,5","0,6","0,27","0,4",0,0,"0,04","0,7"
Okeanos,omen,112,"0,92",176,"0,86","115,8","0,65","0,61","0,34","0,05","0,08","0,68",1
Okeanos,waylay,94,"0,78",154,"0,77","101,4","0,69","0,54","0,19","0,12","0,1","0,51","0,9"
Okeanos,breach,26,"0,73",130,"0,71","72,6","0,65","0,46","0,38",0,"0,12","0,12","0,8"
Okeanos,kayo,17,"0,76",175,"0,69","105,3","0,65","0,65","0,29","0,06","0,06","0,11","0,7"
supamen,viper,175,"1,08","218,6","1,13","145,4","0,73","0,77","0,22","0,08","0,09","1,35",1
supamen,astra,74,"1,21",212,"1,13","134,4","0,7","0,73","0,5","0,09",0,"0,54","0,9"
dgzin,neon,147,"1,13","239,6","1,17","156,9","0,72","0,9","0,12","0,19","0,18","1,32",1
dgzin,yoru,102,"1,51","300,3","1,8","188,8","0,75","1,08","0,18","0,25","0,12","1,1","0,9"
C0M,sova,198,"0,87","168,2","0,78","114,9","0,66","0,51","0,28","0,08","0,1","1,01",1
C0M,fade,51,"0,69",131,"0,64","90,2","0,69","0,45","0,27","0,06","0,08","0,23","0,9"
bao,killjoy,137,"0,96","192,7","0,97",133,"0,68","0,66","0,18","0,06","0,08","0,91",1
bao,brimstone,28,"0,86",192,"0,76","138,8","0,71","0,57","0,46",0,"0,18","0,16","0,9"
bao,veto,26,"0,87",191,"0,81","124,8","0,65","0,65","0,08","0,15","0,04","0,17","0,8"
bao,vyse,23,"0,85",163,"0,76",117,"0,65","0,57","0,17","0,13","0,09","0,13","0,7"
bao,omen,18,"0,34",70,"0,31","51,6","0,72","0,22","0,61",0,"0,17","0,04","0,7"
bao,harbor,17,"0,55",147,"0,47","89,2","0,71","0,47","0,53","0,12",0,"0,08","0,7"
nerve,viper,290,"0,89","166,4","0,84","115,6","0,7","0,59","0,24","0,06","0,04","1,7",1
nerve,tejo,65,"1,01","183,7","1,07","123,2","0,72","0,68","0,18","0,06","0,09","0,44","0,9"
nerve,astra,38,"1,14","190,5","1,47","120,6","0,82","0,74","0,42",0,0,"0,28","0,8"
alym,neon,216,"0,99","230,4","1,08",142,"0,68","0,81","0,19","0,19","0,19","1,75",1
alym,waylay,162,"0,89","185,3","0,91","117,8","0,69","0,64","0,25","0,15","0,17","1,04","0,9"
alym,yoru,15,"0,26",119,"0,5","76,3","0,47","0,47","0,07","0,13","0,4","0,07","0,8"
Koalanoob,omen,203,"1,01","214,9","1,05","136,2","0,72","0,77","0,27","0,13","0,12","1,56",1
Koalanoob,yoru,137,"1,01","198,9","0,99","125,2","0,69","0,71","0,2","0,15","0,12","0,97","0,9"
Koalanoob,phoenix,38,"1,04",236,"1,14","150,7","0,79","0,84","0,37","0,18","0,16","0,32","0,8"
Koalanoob,jett,15,"0,78",204,"0,79","122,5","0,6","0,73","0,13","0,13","0,27","0,11","0,7"
eeiu,sova,212,"1,05","179,5","1,05","121,8","0,69","0,66","0,27","0,05","0,04","1,4",1
eeiu,fade,181,"1,16","218,2","1,23","139,6","0,69","0,78","0,25","0,09","0,06","1,41","0,9"
artzin,killjoy,130,"1,02",191,"1,1","134,2","0,73","0,68","0,22","0,05","0,09","0,89",1
artzin,astra,99,"0,96","188,8","0,93","125,1","0,75","0,67","0,26","0,1","0,08","0,66","0,9"
artzin,omen,97,"0,88","166,8","0,8","108,3","0,71","0,59","0,41","0,07","0,06","0,57","0,8"
artzin,vyse,46,"1,25","252,5","1,34","166,3","0,76","0,93","0,3","0,04","0,09","0,43","0,7"
artzin,brimstone,21,"0,4",111,"0,47",82,"0,71","0,33","0,43",0,"0,14","0,07","0,7"
leaf,viper,318,"1,03","205,3","1,08","133,9","0,68","0,73","0,24","0,08","0,11","2,32",1
leaf,astra,131,"1,06","181,7","1,1","119,8","0,74","0,66","0,34","0,07","0,07","0,87","0,9"
leaf,yoru,105,"0,95","218,8","1,07","143,1","0,72","0,75","0,29","0,14","0,16","0,79","0,8"
leaf,breach,36,"0,65","154,5","0,6","98,4","0,64","0,5","0,25","0,11","0,03","0,18","0,7"
leaf,omen,21,"0,5",132,"0,44","93,6","0,67","0,38","0,24","0,1","0,33","0,08","0,7"
leaf,vyse,17,"0,83",150,"0,53","105,4","0,65","0,47","0,35","0,06","0,18","0,08","0,7"
leaf,veto,16,"0,89",176,"0,91",125,"0,75","0,63","0,31","0,19","0,19","0,1","0,7"
valyn,astra,409,"1,07","197,7","1,08","128,3","0,75","0,7","0,36","0,08","0,05","2,85",1
valyn,harbor,152,"1,09",198,"1,07","129,9","0,76","0,7","0,39","0,1","0,07","1,06","0,9"
valyn,brimstone,67,"1,36","247,3","1,38","151,6","0,79","0,82","0,45","0,1","0,03","0,55","0,8"
valyn,omen,16,"0,95",238,"0,86","142,7","0,81","0,75","0,44","0,06","0,06","0,12","0,7"
babybay,waylay,204,"0,97","204,8","0,99","133,6","0,69","0,7","0,22","0,14","0,11","1,43",1
babybay,chamber,146,"1,02","178,6","1,18","110,8","0,72","0,67","0,12","0,13","0,1","0,98","0,9"
babybay,yoru,134,"0,99","189,9","1,01","121,1","0,65","0,68","0,22","0,12","0,13","0,91","0,8"
babybay,vyse,120,"1,1","207,4","1,05","134,4","0,73","0,71","0,29","0,08","0,07","0,85","0,7"
babybay,iso,24,"0,95",227,"1,06","153,3","0,67","0,79","0,29","0,13","0,21","0,19","0,7"
babybay,viper,16,"0,45",153,"0,5","99,4","0,63","0,44","0,25",0,"0,19","0,07","0,7"
jawgemo,neon,314,"0,9","214,5","0,96",134,"0,67","0,75","0,21","0,18","0,19","2,36",1
jawgemo,phoenix,121,"1,32","290,3","1,42","184,6","0,77","1,01","0,22","0,13","0,13","1,22","0,9"
jawgemo,waylay,81,"0,9","176,3","0,84","117,8","0,74","0,57","0,28","0,2","0,19","0,46","0,8"
jawgemo,iso,58,"0,9","218,3","0,86",144,"0,74","0,74","0,22","0,17","0,12","0,43","0,7"
jawgemo,raze,50,"0,93",217,"0,95","133,5","0,56","0,74","0,14","0,16","0,12","0,37","0,7"
jawgemo,jett,20,"0,47",114,"0,41",86,"0,7","0,35","0,3","0,05","0,2","0,07","0,7"
trent,fade,327,"1,02","177,5","1,03","121,5","0,73","0,66","0,27","0,05","0,05","2,16",1
trent,sova,174,"1,39","217,3","1,5","152,6","0,77","0,79","0,34","0,06","0,03","1,38","0,9"
trent,skye,123,"1,08","196,5","1,01","128,3","0,76","0,68","0,46","0,07","0,03","0,84","0,8"
trent,tejo,20,"1,21",268,"1,29","167,4","0,65","0,9","0,1","0,05","0,1","0,18","0,7"
Saadhak,omen,87,"1,27",224,"1,39","148,1","0,72","0,82","0,34","0,11","0,06","0,71",1
Less,viper,87,"1,31",252,"1,57","156,3","0,72","0,89","0,41","0,07","0,08","0,77",1
Darker,astra,45,"1,61",309,"1,96","182,3","0,89","1,18","0,42","0,13","0,07","0,53",1
Darker,viper,41,"0,84","219,5","0,85","135,4","0,63","0,68","0,24","0,07","0,12","0,28","0,9"
Darker,kayo,26,"1,01",193,"0,95","113,2","0,65","0,69","0,5","0,08","0,04","0,18","0,8"
Darker,vyse,22,"1,29",294,"1,16","172,3","0,59",1,"0,18","0,09",0,"0,22","0,7"
Darker,cypher,17,"0,37",88,"0,21","70,9","0,47","0,18","0,24","0,12","0,12","0,03","0,7"
pANcada,astra,26,"1,03",169,"0,93","123,4","0,85","0,54","0,31","0,08",0,"0,14",1
pANcada,omen,18,"0,76",165,"0,56","115,1","0,83","0,5","0,39","0,11",0,"0,09","0,9"
kiNgg,astra,73,"1,14",176,"1,09",113,"0,73","0,66","0,36","0,05","0,07","0,48",1
kiNgg,viper,69,"0,83","152,7","0,95","103,9","0,68","0,55","0,16","0,06","0,07","0,38","0,9"
kiNgg,omen,67,"0,86","153,3","0,84","90,2","0,7","0,55","0,21","0,09","0,04","0,37","0,8"
kiNgg,brimstone,61,"1,23","239,3","1,43","157,8","0,72","0,87","0,21","0,05","0,08","0,53","0,7"
blowz,fade,152,"1,05",184,"1,12","115,7","0,74","0,66","0,23","0,05","0,03",1,1
blowz,sova,76,"0,87","150,8","0,93","106,3","0,67","0,57","0,2","0,03","0,03","0,43","0,9"
blowz,skye,26,"0,76",109,"0,62","79,1","0,62","0,31","0,27","0,12","0,04","0,08","0,8"
blowz,tejo,16,"0,86",183,"0,77","119,2","0,81","0,63","0,25",0,0,"0,1","0,7"
sato,waylay,123,"0,85","178,3","0,92","119,2","0,65","0,64","0,2","0,14","0,21","0,79",1
sato,phoenix,87,"1,11","223,3","1,2","141,1","0,71","0,82","0,26","0,13","0,13","0,71","0,9"
sato,yoru,41,"0,63","150,5","0,64",106,"0,71","0,51","0,24","0,12","0,12","0,21","0,8"
sato,neon,19,"0,44",142,"0,56",89,"0,58","0,47","0,26","0,11","0,16","0,09","0,7"
Neon,yoru,84,"1,19","220,3","1,37","135,5","0,79","0,8","0,15","0,27","0,06","0,67",1
Neon,chamber,79,"1,14",205,"1,38","133,1","0,72","0,73","0,15","0,15","0,11","0,58","0,9"
Neon,brimstone,26,"1,15",184,"1,27","125,6","0,73","0,73","0,38","0,04","0,04","0,19","0,8"
Neon,omen,24,"1,18",232,"1,33","160,2","0,88","0,83","0,46","0,04","0,13","0,2","0,7"
Neon,jett,20,"1,26",234,"1,14","166,5","0,7","0,8","0,1","0,15","0,2","0,16","0,7"
Mazino,omen,112,"0,92",174,"0,91","117,3","0,72","0,62","0,42","0,09","0,11","0,69",1
Mazino,astra,102,"1,1","214,6","1,27","138,5","0,72","0,78","0,33","0,04","0,07","0,8","0,9"
Mazino,kayo,95,"1,08","218,6","1,06","142,3","0,61","0,76","0,32","0,06","0,15","0,72","0,8"
Mazino,viper,59,"0,77","166,7","0,69","118,7","0,61","0,58","0,24","0,08","0,03","0,34","0,7"
Mazino,brimstone,43,"0,93","185,5","0,93","119,2","0,72","0,63","0,37","0,09","0,14","0,27","0,7"
aspas,raze,179,"1,05","202,8","1,18","140,1","0,73","0,73","0,16","0,13","0,13","1,3",1
aspas,jett,135,"0,98","190,7","1,08","123,6","0,67","0,71","0,07","0,13","0,12","0,96","0,9"
aspas,neon,59,"0,64","161,7","0,68","106,7","0,59","0,54","0,19","0,15","0,14","0,32","0,8"
aspas,waylay,38,"0,89",171,"1,04","107,7","0,76","0,66","0,08","0,13","0,08","0,25","0,7"
zekken,yoru,166,"1,15",223,"1,19",140,"0,77","0,79","0,27","0,2","0,09","1,31",1
zekken,omen,135,"0,91","204,4","0,86","133,8","0,73","0,65","0,34","0,1","0,18","0,88","0,9"
zekken,neon,68,"1,18","275,3","1,29","158,3","0,71","0,93","0,22","0,18","0,16","0,63","0,8"
zekken,phoenix,23,"1,19",209,"1,21","150,5","0,74","0,74","0,52","0,09","0,09","0,17","0,7"
zekken,astra,19,"0,92",149,"0,82","96,9","0,79","0,47","0,16","0,05","0,05","0,09","0,7"
Verno,sova,209,"1,05","200,9","1,03","132,9","0,76","0,68","0,27","0,05","0,07","1,42",1
Verno,fade,202,"1,11","200,3","1,26","125,8","0,79","0,73","0,29","0,08","0,05","1,47","0,9"
skuba,viper,546,"1,02","196,9","1,02","129,8","0,71","0,69","0,2","0,08","0,08","3,77",1
skuba,astra,141,"1,13","207,4","1,13","133,7","0,8","0,74","0,43","0,11","0,07","1,05","0,9"
skuba,killjoy,79,"1,2","186,8","1,41","134,2","0,78","0,7","0,19","0,13","0,06","0,55","0,8"
mada,waylay,432,"0,97","210,9","1,01","132,3","0,68","0,74","0,19","0,2","0,17","3,19",1
mada,neon,198,"1,02","210,4","1,02",131,"0,7","0,72","0,21","0,23","0,2","1,42","0,9"
mada,yoru,113,"1,04","220,6","1,05","143,7","0,76","0,75","0,24","0,18","0,16","0,85","0,8"
mada,raze,23,"1,3",264,"1,22",162,"0,65","0,96","0,3","0,13","0,04","0,22","0,7"
Keiko,omen,343,"1,03","203,8","1,05","129,8","0,72","0,74","0,29","0,1","0,08","2,54",1
Keiko,killjoy,141,"1,19","224,9","1,33","151,5","0,75","0,84","0,12","0,11","0,06","1,18","0,9"
Keiko,viper,79,"1,31","206,3","1,39","138,4","0,75","0,72","0,3","0,08","0,05","0,57","0,8"
Keiko,astra,68,"0,88",164,"0,91","100,1","0,72","0,6","0,28","0,01","0,1","0,41","0,7"
Keiko,jett,46,"0,98","205,5","1,03","137,4","0,7","0,78","0,09","0,15","0,13","0,36","0,7"
Keiko,raze,46,"0,83",202,"0,87","131,2","0,74","0,74","0,07","0,13","0,11","0,34","0,7"
Keiko,brimstone,22,"0,89",181,"0,78","116,6","0,64","0,64","0,14","0,05","0,09","0,14","0,7"
Keiko,neon,21,"0,72",159,"0,65","113,1","0,62","0,52","0,14",0,"0,14","0,11","0,7"
brawk,sova,488,"1,02","188,3","0,98",130,"0,71","0,64","0,28","0,06","0,06","3,12",1
brawk,vyse,119,"1,02","183,4","0,89","127,9","0,66","0,61","0,3","0,07","0,03","0,72","0,9"
brawk,tejo,90,"0,94","170,5","0,84","124,6","0,68","0,57","0,28","0,03","0,06","0,51","0,8"
brawk,brimstone,46,"1,03","179,5","0,97","134,7","0,67","0,63","0,28","0,02","0,04","0,29","0,7"
brawk,deadlock,23,"0,72",162,"0,67",105,"0,61","0,52","0,43","0,04","0,09","0,12","0,7"
Ethan,tejo,281,"0,97","178,1","0,95","120,7","0,74","0,61","0,27","0,08","0,09","1,72",1
Ethan,skye,207,"0,79","147,4","0,7","101,9","0,67","0,52","0,34","0,08","0,11","1,07","0,9"
Ethan,omen,125,"0,81","158,5","0,77","102,1","0,71","0,53","0,38","0,07","0,1","0,66","0,8"
Ethan,fade,90,"0,93",188,"0,91","121,2","0,71","0,64","0,24","0,06","0,07","0,58","0,7"
Ethan,kayo,42,"0,86","197,5","0,76","123,9","0,67","0,6","0,48","0,12","0,07","0,25","0,7"
Ethan,astra,21,"0,87",181,"0,88",123,"0,67","0,71","0,33","0,14","0,14","0,15","0,7"
cortezia,viper,161,"0,95","192,7","0,99","132,8","0,68","0,69","0,2","0,07","0,07","1,11",1
cortezia,killjoy,23,"1,32",233,"1,73","140,8","0,91","0,83","0,13","0,22","0,04","0,19","0,9"
cortezia,veto,21,"0,94",174,"0,81","126,8","0,57","0,62","0,1","0,1","0,1","0,13","0,8"
johnqt,omen,53,"1,09",173,"0,97","123,6","0,77","0,58","0,55","0,02","0,04","0,31",1
johnqt,viper,44,"1,02",175,"1,07","108,4","0,7","0,66","0,2","0,02","0,11","0,29","0,9"
johnqt,sage,36,"0,84",149,"0,71","104,3","0,72","0,47","0,47","0,03","0,06","0,17","0,8"
johnqt,brimstone,26,"0,64",89,"0,41","63,7","0,62","0,27","0,19",0,0,"0,07","0,7"
johnqt,tejo,24,"1,73",327,2,"204,5","0,75","1,25","0,17","0,13",0,"0,3","0,7"
johnqt,harbor,22,"1,29",274,"1,31","191,4","0,73","0,95","0,23","0,05","0,05","0,21","0,7"
Reduxx,omen,104,"1,02",202,"1,01","129,7","0,76","0,71","0,38","0,11","0,07","0,74",1
Reduxx,waylay,49,1,"183,5","1,1","122,4","0,69","0,67","0,12","0,12","0,2","0,33","0,9"
Reduxx,yoru,30,"1,35",294,"1,55","195,7","0,77","1,13","0,2","0,2","0,17","0,34","0,8"
Reduxx,iso,22,"0,87",201,"0,79",129,"0,41","0,68","0,18","0,05","0,18","0,15","0,7"
Jerrwin,waylay,293,"1,02","222,8","1,1","142,8","0,69","0,77","0,22","0,19","0,19","2,27",1
Jerrwin,neon,103,"0,95","219,5","1,04","138,1","0,67","0,78","0,25","0,23","0,19","0,8","0,9"
Jerrwin,jett,90,"0,92",203,"0,93","134,1","0,67","0,7","0,17","0,21","0,18","0,63","0,8"
Jerrwin,raze,20,"0,74",195,"0,8","138,8","0,65","0,6","0,3","0,05","0,2","0,12","0,7"
Victor,neon,22,"0,76",205,"0,84","127,8","0,59","0,73","0,09","0,27","0,18","0,16",1
Victor,raze,21,"0,65",179,"0,67","113,8","0,52","0,57","0,14","0,19","0,24","0,12","0,9"
JonahP,sova,45,"0,71",166,"0,73","111,1","0,71","0,53","0,31","0,04","0,11","0,24",1
JonahP,skye,36,"1,11",202,1,"141,3","0,75","0,69","0,28","0,03","0,08","0,25","0,9"
JonahP,fade,21,"0,47",95,"0,31","66,8","0,43","0,24","0,43","0,05","0,14","0,05","0,8"
Eggsterr,yoru,193,"0,81","169,4","0,8","109,7","0,69","0,58","0,26","0,1","0,14","1,11",1
Eggsterr,omen,46,1,"201,5","0,97","128,6","0,76","0,7","0,35","0,15","0,02","0,32","0,9"
Eggsterr,phoenix,40,1,"216,5","1,04","137,9","0,7","0,7","0,43","0,13","0,15","0,28","0,8"
Eggsterr,veto,24,"0,16",66,"0,27","44,6","0,58","0,25","0,04","0,08","0,17","0,06","0,7"
Eggsterr,harbor,21,"0,33",104,"0,35","66,6","0,52","0,33","0,14","0,1","0,14","0,07","0,7"
Rossy,viper,132,"1,11",217,"1,17","142,5","0,72","0,78","0,17","0,05","0,08","1,03",1
Rossy,astra,96,"1,1","180,8","1,16",113,"0,74","0,67","0,46","0,06","0,02","0,64","0,9"
Rossy,omen,42,"0,68","142,5","0,63","93,7","0,57","0,48","0,38","0,02","0,1","0,2","0,8"
Rossy,killjoy,30,"0,9",151,"0,75","106,9","0,63","0,5","0,2",0,"0,03","0,15","0,7"
Rossy,tejo,24,"0,91",175,"0,78","126,3","0,63","0,58","0,25","0,04","0,13","0,14","0,7"
keznit,neon,169,"0,94","217,3","1,06","136,4","0,67","0,76","0,18","0,16","0,15","1,29",1
keznit,jett,67,"1,4","272,7","1,5","168,5","0,79","0,99","0,13","0,28","0,12","0,66","0,9"
keznit,waylay,64,"0,99","200,3","0,96","127,1","0,67","0,69","0,27","0,13","0,14","0,44","0,8"
keznit,raze,24,"0,7",201,"0,75","161,2","0,79","0,63","0,25","0,29","0,08","0,15","0,7"
inspire,astra,65,"1,12",202,"1,2","128,3","0,71","0,74","0,31","0,03","0,05","0,48",1
inspire,killjoy,56,"1,23","180,5","1,23","146,4","0,68","0,66","0,25","0,05","0,09","0,37","0,9"
inspire,viper,24,"0,98",209,"1,06","136,2","0,83","0,75","0,25","0,21","0,04","0,18","0,8"
P0PPIN,sova,236,"0,97",204,"0,98","133,2","0,73","0,7","0,29","0,09","0,09","1,65",1
P0PPIN,skye,48,"0,79",155,"0,68","95,4","0,6","0,54","0,33","0,06","0,06","0,26","0,9"
P0PPIN,fade,40,"0,78",160,"0,77","100,7","0,7","0,58","0,35","0,08","0,08","0,23","0,8"
Demon1,chamber,139,"1,25","241,8","1,4",162,"0,73","0,88","0,15","0,18","0,09","1,23",1
Demon1,astra,54,"1,14","225,5","1,25","139,9","0,81","0,83","0,41","0,07","0,07","0,45","0,9"
Demon1,jett,45,"0,98","213,5","1,03","138,6","0,67","0,78","0,11","0,09","0,2","0,35","0,8"
Demon1,veto,22,"0,97",190,"1,14","134,2","0,73","0,73",0,"0,09","0,09","0,16","0,7"
Demon1,iso,21,"1,02",233,"1,06","137,2","0,71","0,86","0,19","0,1","0,14","0,18","0,7"
Demon1,viper,18,"0,84",140,"0,71","105,4","0,67","0,56","0,06",0,"0,11","0,1","0,7"
Meiy,raze,137,"1,16","259,7","1,31","165,5","0,76","0,92","0,2","0,12","0,15","1,26",1
Meiy,neon,102,"0,89",194,"0,93","128,5","0,67","0,7","0,17","0,12","0,2","0,71","0,9"
Meiy,waylay,88,"1,04","232,3","1,12","145,5","0,76","0,83","0,17","0,23","0,1","0,73","0,8"
Meiy,yoru,84,"1,18","253,3","1,11","163,8","0,69","0,86","0,13","0,14","0,05","0,72","0,7"
Meiy,jett,16,"0,83",207,"0,79","149,3","0,63","0,69","0,06","0,19","0,31","0,11","0,7"
Akame,fade,220,"0,96",180,"0,9",120,"0,7","0,62","0,24","0,05","0,05","1,37",1
Akame,sova,124,"1,02",184,"0,98","132,6","0,74","0,65","0,3","0,06","0,06","0,8","0,9"
Akame,neon,43,"1,22","305,5","1,35","175,2","0,74","1,07","0,3","0,28","0,16","0,46","0,8"
Akame,viper,21,"0,67",201,"0,63","156,5","0,67","0,57","0,38","0,05","0,29","0,12","0,7"
Akame,killjoy,19,"1,19",253,"1,29","154,7","0,68","0,95","0,16","0,16","0,16","0,18","0,7"
Crws,deadlock,61,"0,82","167,3","0,76","117,8","0,77","0,52","0,33","0,07","0,07","0,32",1
Crws,brimstone,56,"0,81",148,"0,66","98,3","0,71","0,48","0,61","0,07","0,09","0,27","0,9"
Crws,astra,41,"1,11",171,"1,09","120,3","0,78","0,61","0,39","0,05","0,07","0,25","0,8"
Crws,omen,26,"0,74",155,"0,74","101,7","0,65","0,54","0,12",0,"0,08","0,14","0,7"
primmie,yoru,140,"0,87","210,4","0,9","142,2","0,66","0,75","0,21","0,15","0,14","1,05",1
primmie,waylay,117,"1,27","254,5","1,42","167,9","0,78","0,9","0,22","0,2","0,11","1,05","0,9"
primmie,phoenix,67,"1,43","287,7","1,51","186,5","0,79","0,97","0,34","0,22","0,1","0,65","0,8"
seph1roth,vyse,249,"1,16","240,5","1,29","150,8","0,74","0,85","0,24","0,14","0,1","2,11",1
seph1roth,viper,120,"1,12","226,2","1,14","141,4","0,68","0,79","0,21","0,13","0,1","0,95","0,9"
seph1roth,astra,83,"1,13","191,5","1,15","130,2","0,75","0,75","0,29","0,1","0,05","0,62","0,8"
seph1roth,yoru,55,"1,21","233,3","1,36",148,"0,67","0,89","0,2","0,15","0,13","0,49","0,7"
seph1roth,omen,48,"0,99",201,1,"132,5","0,73","0,69","0,33","0,1","0,13","0,33","0,7"
JitboyS,cypher,144,"0,83","168,7","0,8","117,5","0,69","0,6","0,26","0,13","0,09","0,86",1
JitboyS,neon,123,"1,12",234,"1,16","146,4","0,72","0,84","0,2","0,13","0,16","1,03","0,9"
JitboyS,viper,37,"0,45","114,5","0,42","77,2","0,57","0,38","0,3","0,14","0,11","0,14","0,8"
JitboyS,killjoy,20,"0,88",195,"1,17","133,3","0,65","0,7","0,1","0,25","0,25","0,14","0,7"
Thyy,raze,83,"0,94",200,"0,92",137,"0,7","0,7","0,19","0,12","0,06","0,58",1
Thyy,waylay,57,"0,51","125,7","0,48","87,1","0,63","0,4","0,19","0,05","0,12","0,23","0,9"
killua,fade,166,"0,9","179,4","0,88","113,8","0,75","0,64","0,29","0,07","0,06","1,07",1
killua,skye,117,"1,21","235,7","1,23",154,"0,77","0,82","0,47","0,09","0,07","0,96","0,9"
killua,sova,41,"1,22",231,"1,13","152,3","0,63","0,83","0,15","0,07","0,12","0,34","0,8"
Leviathan,omen,166,"1,06","203,5","1,07","136,3","0,73","0,75","0,36","0,03","0,08","1,24",1
Leviathan,cypher,76,"0,69","129,8","0,72","87,6","0,66","0,47","0,21","0,05","0,11","0,36","0,9"
Leviathan,vyse,26,"0,69",135,"0,67","100,3","0,58","0,54","0,04",0,"0,19","0,14","0,8"
Leviathan,viper,21,"1,43",227,"1,9","151,8","0,71","0,9","0,38","0,1","0,05","0,19","0,7"
Leviathan,astra,20,"1,08",222,"1,15","163,3","0,85","0,75","0,5","0,05",0,"0,15","0,7"
Leviathan,brimstone,15,"0,77",191,"0,57","124,5","0,67","0,53","0,4","0,07",0,"0,08","0,7"
Autumn,yoru,223,"1,05","213,5","1,1","132,7","0,71","0,75","0,2","0,14","0,15","1,67",1
Autumn,jett,48,"1,42",309,"1,59","188,2","0,71","1,13","0,15","0,29","0,1","0,54","0,9"
Autumn,brimstone,42,"1,12","202,5","1,07","138,7","0,83","0,71","0,38","0,1","0,05","0,3","0,8"
Autumn,chamber,40,"0,6","174,5","0,69","109,5","0,65","0,6","0,2","0,13","0,2","0,24","0,7"
Autumn,veto,39,"1,47","254,5","1,86","166,9","0,87",1,"0,13","0,15","0,05","0,39","0,7"
Autumn,waylay,23,"1,07",227,"1,06","158,1","0,57","0,74","0,17","0,13","0,13","0,17","0,7"
Autumn,omen,22,"0,78",147,"0,92","87,8","0,59","0,55","0,32","0,09","0,18","0,12","0,7"
Autumn,cypher,22,"0,86",164,"0,73","109,5","0,73","0,5","0,18","0,05","0,18","0,11","0,7"
Autumn,vyse,16,"0,79",148,"0,69","103,6","0,81","0,56","0,13",0,"0,06","0,09","0,7"
PatMen,viper,113,"1,19",244,"1,36","156,9","0,76","0,89","0,24","0,12","0,1","1,01",1
PatMen,omen,113,"1,15","257,8","1,27",161,"0,79","0,88","0,25","0,16","0,11","0,99","0,9"
PatMen,skye,70,"0,98","194,3","0,92","118,5","0,77","0,66","0,4","0,11","0,04","0,46","0,8"
PatMen,fade,48,"1,08",230,"1,03","157,8","0,71","0,77","0,38","0,1","0,02","0,37","0,7"
PatMen,waylay,45,"1,09","209,5","1,06","141,6","0,8","0,76","0,31","0,13","0,16","0,34","0,7"
PatMen,tejo,42,"1,2",291,"1,19",169,"0,69","1,02","0,17","0,17","0,02","0,43","0,7"
PatMen,sage,23,"1,24",232,"1,36","145,3","0,7","0,83","0,17","0,04","0,13","0,19","0,7"
PatMen,gekko,21,"1,38",258,"1,33","172,9","0,81","0,95","0,1","0,14",0,"0,2","0,7"
xavi8k,astra,288,"1,01","183,2","0,99","117,2","0,74","0,67","0,32","0,06","0,05","1,92",1
xavi8k,omen,126,"0,8",158,"0,7","104,6","0,66","0,52","0,38","0,06","0,11","0,66","0,9"
xavi8k,kayo,21,"1,17",209,"1,31","137,2","0,71","0,81","0,29","0,05","0,14","0,17","0,8"
xavi8k,breach,21,"0,59",108,"0,39","80,3","0,52","0,33","0,33",0,"0,14","0,07","0,7"
xavi8k,sage,19,"0,84",171,1,"122,2","0,68","0,63","0,32","0,05","0,16","0,12","0,7"
UdoTan,veto,244,1,"205,8","0,99","138,1","0,72","0,74","0,13","0,14","0,09","1,81",1
UdoTan,raze,108,"1,16","222,2","1,21",148,"0,75","0,79","0,21","0,09","0,13","0,85","0,9"
UdoTan,neon,77,"0,63","162,5","0,67","99,7","0,65","0,55","0,18","0,14","0,23","0,42","0,8"
UdoTan,chamber,24,"0,72",138,"0,75","102,5","0,67","0,5","0,08","0,04","0,08","0,12","0,7"
UdoTan,waylay,22,"1,29",278,"1,38","176,6","0,86",1,"0,23","0,32",0,"0,22","0,7"
Kr1stal,fade,183,"1,01",177,"0,98","117,7","0,75","0,63","0,3","0,07","0,06","1,15",1
Kr1stal,sova,180,"0,96","164,8","0,91","117,5","0,71","0,58","0,27","0,06","0,06","1,04","0,9"
Kr1stal,deadlock,86,"0,91","167,8","0,82","110,5","0,69","0,57","0,23","0,09","0,08","0,49","0,8"
Kr1stal,viper,26,"1,14",235,"1,35","151,8","0,62","0,88","0,08","0,08","0,12","0,23","0,7"
MaKo,neon,430,"0,79","192,5","0,86","118,2","0,62","0,68","0,21","0,14","0,21","2,93",1
MaKo,cypher,18,"0,66",148,"0,69","98,1","0,56","0,5","0,11","0,06","0,17","0,09","0,9"
MaKo,waylay,18,"0,68",184,"0,67","114,5","0,61","0,56","0,22","0,22","0,28","0,1","0,8"
HYUNMIN,waylay,224,"1,11","241,8","1,18","153,4","0,72","0,83","0,18","0,17","0,13","1,86",1
HYUNMIN,raze,127,"1,16","265,8","1,21","175,6","0,82","0,91","0,24","0,09","0,13","1,16","0,9"
HYUNMIN,jett,45,"1,36","292,5","1,42","186,9","0,69","1,04","0,13","0,09","0,13","0,47","0,8"
HYUNMIN,phoenix,42,"1,54",267,"1,79","172,3","0,81","1,02","0,29","0,05","0,07","0,43","0,7"
Ivy,omen,368,"1,01","196,2","0,98","125,9","0,71","0,69","0,34","0,07","0,05","2,55",1
Ivy,yoru,197,"0,98","209,9","1,04","137,5","0,66","0,77","0,17","0,12","0,17","1,52","0,9"
Ivy,brimstone,98,"1,09","190,6","0,98","125,1","0,77","0,64","0,52","0,06","0,06","0,63","0,8"
Ivy,astra,63,"1,09","196,3","1,24","116,9","0,7","0,75","0,32","0,08","0,06","0,47","0,7"
Ivy,neon,45,"0,9","205,5","0,94","136,7","0,69","0,71","0,24","0,07","0,18","0,32","0,7"
Rb,omen,376,"0,97","169,8","0,95","109,5","0,72","0,6","0,39","0,08","0,07","2,27",1
Rb,brimstone,114,1,"184,2","0,93",113,"0,79","0,62","0,54","0,04","0,07","0,71","0,9"
Rb,astra,21,"1,6",249,"2,22","149,3","0,86","0,95","0,48",0,"0,14","0,2","0,8"
Rb,viper,20,"1,22",182,"1,18","124,4","0,7","0,65","0,35","0,1",0,"0,13","0,7"
Rb,harbor,16,"1,1",135,"1,29","81,8","0,81","0,56","0,38",0,0,"0,09","0,7"
Dambi,neon,426,"1,03","234,1","1,07","139,3","0,69","0,81","0,21","0,18","0,15","3,47",1
Dambi,waylay,84,"0,85","195,3","0,92","123,4","0,64","0,68","0,15","0,18","0,18","0,57","0,9"
Dambi,phoenix,37,"0,9","177,5","0,83","116,5","0,65","0,54","0,35","0,08","0,05","0,2","0,8"
Francis,yoru,365,"0,97","210,4","0,99","133,9","0,73","0,71","0,25","0,15","0,13","2,58",1
Francis,breach,103,"1,1","200,5","1,01","133,3","0,79","0,71","0,4","0,06","0,08","0,73","0,9"
Francis,waylay,42,"0,73",181,"0,71","111,2","0,57","0,6","0,19","0,12","0,19","0,25","0,8"
Francis,neon,37,"1,04","238,5","1,31","146,5","0,76","0,92","0,11","0,14","0,16","0,34","0,7"
Xross,fade,306,"1,06","185,7","1,1","124,8","0,75","0,68","0,31","0,05","0,04","2,09",1
Xross,sova,185,"1,24","220,1","1,32","146,8","0,77","0,76","0,23","0,1","0,02","1,41","0,9"
Xross,tejo,56,"1,03","214,5",1,"156,9","0,77","0,71","0,23","0,02","0,04","0,4","0,8"
f0rsakeN,omen,524,"0,99",206,1,"134,7","0,72","0,71","0,36","0,1","0,07","3,7",1
f0rsakeN,astra,170,"0,98","209,6","1,01","132,8","0,68","0,75","0,29","0,08","0,12","1,28","0,9"
f0rsakeN,brimstone,109,"1,11","210,4","1,05",141,"0,77","0,71","0,53","0,06","0,09","0,77","0,8"
f0rsakeN,yoru,107,"1,19","243,2","1,38","157,7","0,77","0,89","0,21","0,2","0,16","0,95","0,7"
f0rsakeN,viper,101,"1,1","239,6","1,22","158,5","0,75","0,82","0,29","0,12","0,08","0,83","0,7"
f0rsakeN,veto,46,"1,07",257,"1,22",170,"0,7","0,96","0,11","0,15","0,13","0,44","0,7"
f0rsakeN,harbor,24,"0,77",195,"0,79","124,7","0,71","0,63","0,33","0,13","0,13","0,15","0,7"
f0rsakeN,fade,21,"0,45",101,"0,35","73,3","0,62","0,29","0,43",0,"0,1","0,06","0,7"
f0rsakeN,neon,17,"1,16",238,"1,17","169,6","0,88","0,82","0,35","0,12","0,12","0,14","0,7"
f0rsakeN,waylay,16,"0,32",114,"0,4","69,4","0,44","0,38","0,13","0,06","0,38","0,06","0,7"
Jinggg,raze,463,"1,1",235,"1,19","150,8","0,74","0,83","0,16","0,17","0,11","3,86",1
Jinggg,phoenix,285,"1,03","211,1","1,02","142,5","0,76","0,7","0,34","0,12","0,09",2,"0,9"
Jinggg,omen,241,"1,22",236,"1,35","151,4","0,78","0,85","0,32","0,1","0,08","2,04","0,8"
Jinggg,jett,64,"0,89","203,3","0,98","132,8","0,72","0,75","0,08","0,11","0,11","0,48","0,7"
Jinggg,neon,64,"0,94","201,3","1,02","137,6","0,72","0,7","0,27","0,14","0,22","0,45","0,7"
Jinggg,waylay,18,"0,81",156,"0,75","100,9","0,67","0,5","0,11","0,17","0,17","0,09","0,7"
something,yoru,570,"0,95","185,1","0,98","121,7","0,68","0,67","0,19","0,1","0,13","3,83",1
something,jett,218,"1,2","234,6","1,41","151,8","0,75","0,85","0,14","0,16","0,1","1,86","0,9"
something,waylay,168,"1,1","213,9","1,21",140,"0,73","0,8","0,14","0,18","0,14","1,35","0,8"
something,neon,111,"0,79","175,2","0,86","114,9","0,68","0,63","0,21","0,12","0,13","0,7","0,7"
something,gekko,24,"0,99",166,"1,07","97,8","0,71","0,63","0,38","0,08","0,17","0,15","0,7"
something,chamber,23,"0,99",154,1,115,"0,65","0,61","0,13","0,09","0,13","0,14","0,7"
something,veto,21,"0,87",158,"0,79","106,8","0,57","0,52","0,19","0,1","0,19","0,11","0,7"
d4v41,viper,548,"0,96","193,2",1,"126,7","0,73","0,67","0,21","0,1","0,09","3,68",1
d4v41,vyse,240,"1,08","218,1","1,17","142,2","0,71","0,79","0,25","0,06","0,07","1,89","0,9"
d4v41,chamber,171,"1,25","238,4","1,46","156,8","0,72","0,93","0,08","0,16","0,05","1,59","0,8"
d4v41,killjoy,62,"0,89",165,"0,86","123,9","0,66","0,6","0,21","0,05","0,08","0,37","0,7"
d4v41,astra,46,"0,51","113,5","0,55","77,3","0,59","0,39","0,26",0,"0,04","0,18","0,7"
d4v41,skye,24,"1,19",205,"1,36","134,8","0,71","0,79","0,21","0,04","0,04","0,19","0,7"
d4v41,tejo,23,"0,9",142,"0,92","116,1","0,78","0,52","0,26",0,0,"0,12","0,7"
d4v41,brimstone,21,"0,87",161,"0,56","96,1","0,71","0,43","0,71","0,14","0,1","0,09","0,7"
invy,fade,629,"1,03","192,2","1,04","127,1","0,74","0,67","0,28","0,07","0,09","4,23",1
invy,sova,344,"1,07","200,6","1,08","142,2","0,75","0,71","0,28","0,06","0,05","2,43","0,9"
invy,skye,73,"1,23",205,"1,3","144,2","0,85","0,78","0,52","0,07","0,05","0,57","0,8"
invy,breach,44,"1,08",206,"1,14","135,3","0,82","0,75","0,36","0,07","0,05","0,33","0,7"
invy,brimstone,24,"1,11",195,"1,06","136,3","0,71","0,71","0,38","0,04","0,04","0,17","0,7"
invy,kayo,21,"1,03",212,1,"136,9","0,71","0,76","0,24",0,"0,14","0,16","0,7"
crazyguy,omen,226,"0,93","173,1","0,96","112,8","0,68","0,64","0,33","0,07","0,13","1,44",1
crazyguy,brimstone,122,"0,97","165,2","0,97","105,7","0,76","0,58","0,43","0,05","0,07","0,71","0,9"
crazyguy,astra,118,"0,87","149,4","0,75","98,7","0,64","0,53","0,39","0,01","0,09","0,62","0,8"
crazyguy,tejo,61,"0,77","157,3","0,77","104,3","0,66","0,56","0,15","0,07","0,1","0,34","0,7"
crazyguy,kayo,43,"0,91",178,"0,77","115,5","0,65","0,53","0,6","0,07","0,12","0,23","0,7"
xffero,viper,286,"1,09","210,7","1,11",143,"0,73","0,72","0,26","0,08","0,05","2,06",1
xffero,astra,104,"0,83",141,"0,7","96,8","0,71","0,48","0,3","0,03","0,06","0,5","0,9"
xffero,brimstone,60,"0,98","186,5","0,91","116,1","0,82","0,65","0,55","0,03","0,05","0,39","0,8"
xffero,cypher,44,"1,22","221,5","1,13","150,2","0,8","0,77","0,34","0,09","0,02","0,34","0,7"
xffero,killjoy,41,"1,46","221,5","1,68","159,2","0,76","0,9","0,12","0,07",0,"0,37","0,7"
xffero,veto,35,"1,49","284,5","2,06",186,"0,8",1,"0,17","0,17","0,11","0,35","0,7"
Jemkin,chamber,211,"1,27",236,"1,47","151,2","0,74","0,86","0,15","0,2","0,08","1,81",1
Jemkin,yoru,139,"1,01","208,7","0,99","132,6","0,73","0,75","0,15","0,15","0,13","1,04","0,9"
Jemkin,waylay,97,"1,3","257,8","1,43","164,2","0,68","0,93","0,19","0,12","0,1","0,9","0,8"
Jemkin,neon,41,"0,96","233,5","1,03","139,3","0,66","0,83","0,17","0,17","0,17","0,34","0,7"
Jemkin,raze,35,"1,4",251,"1,57","171,1","0,86","0,94","0,2","0,09","0,03","0,33","0,7"
Jemkin,killjoy,24,"1,38",256,"1,69","169,4","0,71","0,92","0,21","0,25","0,13","0,22","0,7"
Jemkin,jett,23,"1,43",285,"1,71","168,1","0,7","1,04","0,04","0,26","0,09","0,24","0,7"
Monyet,neon,394,"0,81","190,1","0,81","120,6","0,69","0,64","0,24","0,12","0,2","2,52",1
Monyet,waylay,60,"1,15","218,5","1,05","140,5","0,77","0,75","0,42","0,17","0,22","0,45","0,9"
Monyet,viper,41,"0,51","118,5","0,38","89,4","0,51","0,32","0,27","0,07","0,15","0,13","0,8"
Monyet,raze,40,"0,99","224,5","1,23","156,7","0,63","0,8","0,08","0,05","0,18","0,32","0,7"
Monyet,jett,35,"0,69",194,"0,69","129,6","0,63","0,63","0,26","0,2","0,31","0,22","0,7"
Kushy,sova,331,"0,9",171,"0,81","118,5","0,71","0,59","0,24","0,07","0,06","1,95",1
Kushy,skye,172,"0,95","151,5","0,87","100,8","0,74","0,55","0,4","0,05","0,07","0,95","0,9"
Kushy,fade,67,"1,07","217,3","1,15","127,7","0,78","0,7","0,28","0,07","0,06","0,47","0,8"
Munchkin,astra,189,"1,14","176,9","1,27","111,8","0,81","0,66","0,47","0,03","0,08","1,24",1
Munchkin,viper,142,"1,03","192,9","1,03","129,3","0,72","0,66","0,38","0,06","0,06","0,94","0,9"
Munchkin,omen,121,"1,02",207,"0,94","127,1","0,77","0,66","0,4","0,11","0,06","0,8","0,8"
Munchkin,brimstone,100,"1,18","200,2","1,19","124,3","0,86","0,64","0,68","0,05","0,05","0,64","0,7"
BuZz,neon,240,"1,03","229,5","1,13","141,3","0,73","0,81","0,24","0,15","0,15","1,94",1
BuZz,jett,97,"0,88","215,4","0,92","135,9","0,73","0,72","0,21","0,2","0,16","0,7","0,9"
BuZz,waylay,77,"1,19","266,3","1,45","162,9","0,73","0,96","0,18","0,22","0,13","0,74","0,8"
BuZz,raze,72,"1,08",255,"1,13",156,"0,64","0,83","0,19","0,11","0,14","0,6","0,7"
BuZz,yoru,66,"0,91",214,"0,98","146,1","0,68","0,73","0,24","0,14","0,17","0,48","0,7"
stax,sova,235,1,"171,4","0,98","116,6","0,72","0,62","0,2","0,04","0,05","1,45",1
stax,fade,168,"0,95","158,9","0,99","106,7","0,74","0,57","0,3","0,04","0,04","0,96","0,9"
stax,skye,113,"0,89","150,8","0,87","97,9","0,73","0,54","0,35","0,04","0,06","0,61","0,8"
stax,tejo,36,"0,89",154,"0,82","107,8","0,72","0,5","0,33","0,03",0,"0,18","0,7"
iZu,yoru,309,"1,15","231,9","1,36","148,2","0,69","0,85","0,14","0,16","0,13","2,64",1
iZu,chamber,113,"1,2","226,6","1,45","143,7","0,73","0,83","0,07","0,17","0,12","0,94","0,9"
iZu,omen,45,"1,32","225,5","1,48","138,7","0,82","0,82","0,44","0,16","0,09","0,37","0,8"
iZu,sova,36,"1,11",247,"1,29","155,5","0,81","0,86","0,17","0,11","0,06","0,31","0,7"
iZu,cypher,30,"1,22",263,"1,32","180,9","0,6","0,97","0,17","0,07","0,07","0,29","0,7"
iZu,killjoy,19,"1,37",212,2,"146,5","0,89","0,84","0,26","0,05","0,05","0,16","0,7"
Meteor,viper,191,"1,08","224,3","1,16","143,9","0,75","0,8","0,25","0,12","0,1","1,52",1
Meteor,killjoy,174,"0,93","194,5","0,99","134,3","0,7","0,68","0,15","0,1","0,1","1,19","0,9"
Meteor,astra,97,"1,01","216,6","1,09","142,4","0,65","0,78","0,26","0,06","0,08","0,76","0,8"
Meteor,waylay,36,"1,15",281,"1,27",176,"0,78","1,06","0,14","0,25","0,17","0,38","0,7"
Meteor,iso,30,"0,83",179,"0,71","120,4","0,77","0,57","0,2","0,17","0,1","0,17","0,7"
Meteor,phoenix,24,"1,27",239,"1,36","163,7","0,75","0,79","0,29","0,13","0,13","0,19","0,7"
KellyS,yoru,94,"1,02","225,2",1,"142,3","0,73","0,8","0,22","0,11","0,17","0,75",1
KellyS,viper,78,"1,1","224,7","1,15",147,"0,78","0,79","0,27","0,09","0,03","0,62","0,9"
KellyS,skye,28,"1,1",233,"1,26","146,8","0,82","0,86","0,36","0,04","0,11","0,24","0,8"
KellyS,chamber,18,"1,27",261,"1,5","173,5","0,83","0,83","0,28","0,11",0,"0,15","0,7"
KellyS,kayo,17,"0,83",179,"0,69","115,1","0,59","0,65","0,12","0,12",0,"0,11","0,7"
Sylvan,omen,88,"0,85",155,"0,78","109,2","0,69","0,58","0,33","0,06","0,08","0,51",1
Sylvan,astra,81,"0,93","184,3","0,88","117,1","0,73","0,65","0,3","0,04","0,02","0,53","0,9"
Sylvan,brimstone,66,"0,97",184,"0,88","107,6","0,79","0,64","0,59","0,08","0,08","0,42","0,8"
Rimuru,neon,486,"1,03","250,5","1,09","160,7","0,71","0,85","0,22","0,2","0,2","4,15",1
Rimuru,jett,145,"0,87","221,7","0,94","152,4","0,59","0,78","0,17","0,19","0,22","1,13","0,9"
Rimuru,raze,92,"0,74","189,8","0,82",133,"0,59","0,63","0,11","0,11","0,12","0,58","0,8"
Rimuru,yoru,42,"1,31","281,5","1,41","179,4","0,88","0,98","0,29","0,24","0,17","0,41","0,7"
JessieVash,fade,92,"0,97","194,4","0,95","125,6","0,75","0,68","0,29","0,04","0,02","0,63",1
JessieVash,skye,74,"0,78","147,3","0,69","108,5","0,74","0,5","0,46","0,03","0,04","0,37","0,9"
JessieVash,sova,41,"0,88","176,5","0,74",123,"0,68","0,61","0,32","0,07","0,07","0,25","0,8"
JessieVash,tejo,28,"0,84",168,"0,8","123,5","0,79","0,57","0,18","0,11","0,07","0,16","0,7"
BerserX,viper,87,"0,93","208,2","0,87","134,7","0,74","0,68","0,32","0,06","0,06","0,59",1
BerserX,cypher,84,"0,96",179,"0,89","128,2","0,74","0,61","0,25","0,1","0,11","0,51","0,9"
BerserX,vyse,46,"0,75",151,"0,69","112,9","0,76","0,52","0,26","0,09","0,07","0,24","0,8"
BerserX,killjoy,18,"0,62",118,"0,8","74,7","0,72","0,44","0,06",0,"0,11","0,08","0,7"
K1ra,raze,169,"1,06","243,6","1,21","155,1","0,67","0,88","0,1","0,12","0,18","1,49",1
K1ra,viper,163,"1,02","201,1","0,9","138,3","0,7","0,67","0,26","0,09","0,12","1,09","0,9"
K1ra,astra,131,"0,91",168,"0,85","110,4","0,66","0,58","0,3","0,07","0,13","0,76","0,8"
K1ra,cypher,124,"1,12","210,2","1,32","133,6","0,73","0,76","0,15","0,12","0,09","0,94","0,7"
K1ra,omen,46,"1,24",176,"1,3",115,"0,78","0,65","0,46","0,02","0,09","0,3","0,7"
K1ra,kayo,20,"0,94",185,"0,8",123,"0,8","0,6","0,45","0,15","0,05","0,12","0,7"
K1ra,killjoy,19,"0,65",146,"0,6",98,"0,53","0,47","0,05","0,05",0,"0,09","0,7"
K1ra,phoenix,16,"0,63",172,"0,54",126,"0,63","0,44","0,25",0,"0,06","0,07","0,7"
Septem7,astra,47,"0,61",123,"0,5","83,9","0,68","0,38","0,34","0,09","0,13","0,18",1
Septem7,omen,38,"0,7","117,5","0,6","69,4","0,74","0,39","0,32","0,08","0,08","0,15","0,9"
Septem7,gekko,21,"0,88",213,"0,84",145,"0,9","0,76","0,19","0,05","0,05","0,16","0,8"
f4ngeer,waylay,426,"1,18","230,8","1,2","149,6","0,72","0,83","0,19","0,17","0,12","3,54",1
f4ngeer,yoru,223,"1,03","214,5","1,07","138,6","0,69","0,75","0,16","0,18","0,16","1,68","0,9"
f4ngeer,chamber,39,"1,02","236,5","1,03","155,4","0,59","0,82","0,1","0,26","0,15","0,32","0,8"
iamgrq,omen,245,"1,02","188,5","1,02","119,2","0,79","0,67","0,47","0,04","0,05","1,63",1
iamgrq,brimstone,146,"1,02","197,9","0,88","128,7","0,78","0,66","0,57","0,05","0,08","0,96","0,9"
iamgrq,waylay,134,"0,9","187,3","0,89","119,6","0,69","0,64","0,25","0,08","0,11","0,86","0,8"
iamgrq,neon,128,"0,78","185,2","0,76","121,4","0,7","0,61","0,25","0,18","0,15","0,78","0,7"
iamgrq,astra,35,"0,89",181,"0,72","125,3","0,66","0,6","0,29","0,03","0,06","0,21","0,7"
Youze,neon,216,"0,79","177,8","0,78","113,3","0,65","0,61","0,19","0,13","0,17","1,32",1
Youze,jett,87,,"163,3","0,81",,,"0,57","0,11",,,"0,5","0,9"
Youze,waylay,85,,"158,8","0,69",,,"0,55","0,35",,,"0,47","0,8"
Shr1mp,fade,262,"1,08","192,5","1,11","122,3","0,73","0,69","0,23","0,08","0,04","1,82",1
Shr1mp,skye,261,"0,94","166,8","0,84","104,1","0,69","0,58","0,4","0,05","0,07","1,52","0,9"
Shr1mp,sova,165,"1,24","209,8","1,25","141,4","0,7","0,78","0,2","0,06","0,03","1,29","0,8"
nephh,omen,391,"1,03","192,2","0,99","123,5","0,73","0,69","0,33","0,09","0,09","2,7",1
nephh,astra,196,"1,13","215,1","1,22","134,7","0,79","0,71","0,42","0,07","0,05","1,4","0,9"
nephh,tejo,107,"1,2","248,4","1,4","153,8","0,79","0,89","0,24","0,12","0,06","0,95","0,8"
nephh,kayo,69,"0,89","190,7","0,74","124,8","0,74","0,58","0,55","0,06","0,12","0,4","0,7"
nephh,brimstone,64,"1,19",219,"1,17","121,7","0,77","0,77","0,48","0,05","0,09","0,49","0,7"
nephh,viper,22,,180,"0,61",,,"0,5","0,41",,,"0,11","0,7"
rushia,viper,387,"1,01","202,1","1,01","141,1","0,74","0,72","0,25","0,11","0,09","2,77",1
rushia,astra,234,"1,01","200,3","1,07",126,"0,74","0,68","0,35","0,12","0,11","1,6","0,9"
rushia,cypher,144,"0,94",199,"1,03","128,3","0,63","0,69","0,2","0,1","0,1",1,"0,8"
rushia,killjoy,62,"1,13","214,5","1,53","139,8","0,83","0,74","0,26","0,06","0,04","0,46","0,7"
rushia,brimstone,22,,133,"0,44",,,"0,36","0,45",,,"0,08","0,7"
bud,breach,250,"0,99","176,6","0,91","121,1","0,66","0,64","0,31","0,03","0,08","1,61",1
bud,killjoy,68,"0,71","140,3","0,69","104,6","0,66","0,49","0,13","0,06","0,09","0,33","0,9"
bud,gekko,68,"0,82",149,"0,83","103,2","0,72","0,57","0,18","0,03","0,12","0,39","0,8"
bud,brimstone,49,"0,71","134,5","0,59","84,2","0,71","0,41","0,47","0,02","0,1","0,2","0,7"
yilai,neon,248,"0,9","229,1","1,11","135,3","0,69","0,83","0,27","0,14","0,19","2,05",1
yilai,killjoy,80,"1,04","199,3","0,95","129,3","0,63","0,68","0,26","0,1","0,07","0,54","0,9"
yilai,waylay,66,"1,1","221,3",1,138,"0,73","0,77","0,11","0,05","0,05","0,51","0,8"
yilai,brimstone,20,"1,48",271,"1,43",170,"0,85",1,"0,55","0,15","0,15","0,2","0,7"
Knight,tejo,200,"1,04","164,7","1,07","112,9","0,74","0,6","0,25","0,03","0,06","1,2",1
Knight,fade,196,"1,04","199,8","1,07","129,9","0,69","0,7","0,29","0,04","0,11","1,38","0,9"
Knight,sova,149,"1,03","181,1","1,01","128,8","0,78","0,58","0,34","0,09","0,04","0,87","0,8"
Knight,skye,103,"1,05",165,"0,83","148,8","0,68","0,56","0,47","0,05","0,05","0,58","0,7"
Flex1n,omen,314,"0,88",180,"0,85","112,3","0,71","0,62","0,46","0,07","0,07","1,94",1
Flex1n,astra,252,"0,92","165,8","0,86","106,6","0,7","0,59","0,31","0,06","0,07","1,49","0,9"
Flex1n,brimstone,52,"1,11",219,"1,03","137,2","0,83","0,73","0,58","0,1","0,1","0,38","0,8"
Flex1n,miks,41,"0,61","139,5","0,56","97,3","0,56","0,46","0,34","0,05",0,"0,19","0,7"
Akeman,neon,200,"0,86","217,6","0,93",134,"0,7","0,75","0,27","0,2","0,17","1,49",1
Akeman,waylay,90,"0,56","142,5","0,63","98,3","0,53","0,5","0,26","0,11","0,21","0,45","0,9"
Akeman,jett,68,"1,02",173,"1,08","119,9","0,67","0,63","0,13","0,16","0,18","0,43","0,8"
Life,neon,361,"0,87",214,"0,89","136,7","0,68","0,71","0,19","0,15","0,17","2,56",1
Life,raze,48,"0,68",153,"0,62","114,3","0,71","0,54","0,19","0,13","0,27","0,26","0,9"
SpiritZ1,waylay,321,"0,97","219,7","0,99","142,8","0,69","0,76","0,2","0,17","0,15","2,44",1
SpiritZ1,yoru,214,"0,91","213,5","1,05","133,8","0,65","0,78","0,25","0,14","0,17","1,66","0,9"
SpiritZ1,reyna,90,"0,91",209,"0,92","131,8","0,59","0,77","0,08","0,19","0,18","0,69","0,8"
SpiritZ1,phoenix,34,"0,94","211,5","0,77","150,1","0,76","0,71","0,44","0,06","0,12","0,24","0,7"
Nicc,skye,349,"1,05","188,8","0,97","121,3","0,77","0,64","0,46","0,05","0,05","2,25",1
Nicc,sova,106,"1,04","198,8","1,06","139,4","0,76","0,7","0,22","0,03","0,05","0,74","0,9"
Nicc,gekko,84,"0,86","148,8","0,83","97,4","0,65","0,54","0,29","0,02","0,07","0,45","0,8"
Nicc,fade,62,"1,33",251,"1,41","161,6","0,77","0,94","0,31","0,1","0,02","0,58","0,7"
Nicc,tejo,58,"0,86","156,7","0,76",108,"0,69","0,53","0,21","0,09","0,03","0,31","0,7"
vo0kashu,cypher,457,"1,18","207,6","1,22","142,3","0,72","0,75","0,19","0,07","0,04","3,44",1
vo0kashu,omen,67,1,"162,5","0,96","103,4","0,72","0,64","0,16","0,07","0,15","0,43","0,9"
vo0kashu,vyse,53,"1,27","244,7","1,22",152,"0,72","0,85","0,28","0,09","0,04","0,45","0,8"
vo0kashu,viper,43,"1,42",252,"1,34","163,1","0,77","0,91","0,14","0,07","0,05","0,39","0,7"
vo0kashu,brimstone,24,"1,29",255,"1,38",172,"0,71","0,92","0,25","0,08",0,"0,22","0,7"
vo0kashu,veto,15,"1,08",276,"0,93",162,"0,6","0,87","0,13","0,07",0,"0,13","0,7"
Jieni7,neon,168,"0,89","189,6","0,92","122,7","0,69","0,67","0,23","0,09","0,13","1,12",1
Jieni7,omen,80,"0,84",152,"0,8","94,4","0,74","0,55","0,39","0,05","0,05","0,44","0,9"
Jieni7,kayo,34,"1,47","272,5","1,75","180,3","0,74","1,03","0,44","0,15","0,03","0,35","0,8"
Jieni7,gekko,26,"0,52",73,"0,31",54,"0,73","0,19","0,23","0,08","0,04","0,05","0,7"
Smoggy,omen,322,"0,99","179,6","0,92",121,"0,74","0,62","0,36","0,07","0,07","2,01",1
Smoggy,astra,151,"0,94","190,3","1,09","100,3","0,71","0,7","0,38","0,05","0,06","1,06","0,9"
Smoggy,phoenix,123,"1,04","223,3","1,04","150,7","0,79","0,76","0,37","0,13","0,15","0,93","0,8"
Smoggy,brimstone,99,"1,32","248,6","1,3","165,3","0,78","0,87","0,47","0,12","0,07","0,86","0,7"
Smoggy,harbor,50,1,172,1,"111,2","0,64","0,62","0,22","0,08","0,1","0,31","0,7"
ZmjjKK,waylay,151,"1,2","255,1","1,27","166,7","0,74","0,91","0,19","0,19","0,15","1,37",1
ZmjjKK,chamber,149,"1,11","220,4","1,27","141,9","0,66","0,83","0,07","0,22","0,16","1,24","0,9"
ZmjjKK,neon,137,"0,96","226,1","1,04","139,1","0,65","0,8","0,17","0,18","0,15","1,09","0,8"
ZmjjKK,jett,114,"1,16","251,5","1,27","170,2","0,75","0,92","0,12","0,22","0,16","1,05","0,7"
ZmjjKK,raze,96,"1,34","289,4","1,39","192,2","0,75","1,01","0,25","0,19","0,15","0,97","0,7"
ZmjjKK,phoenix,57,"0,85",218,"0,91","142,1","0,69","0,72","0,32","0,26","0,08","0,41","0,7"
ZmjjKK,iso,41,"0,81",213,"0,91",149,"0,59","0,76","0,17","0,09","0,23","0,31","0,7"
cb,yoru,315,"0,94","198,5","0,93","129,9","0,64","0,7","0,18","0,12","0,14","2,21",1
cb,neon,106,"0,85",172,"0,88","113,2","0,72","0,62","0,2","0,09","0,1","0,66","0,9"
cb,phoenix,16,"0,88",192,"0,6",142,"0,38","0,56","0,31",0,"0,25","0,09","0,8"
nobody,sova,349,"0,9","178,3","0,86",121,"0,68","0,59","0,23","0,05","0,06","2,07",1
nobody,fade,257,"0,89","177,1","0,9","110,8","0,67","0,62","0,29","0,08","0,05","1,59","0,9"
nobody,skye,113,"0,98","174,5","0,95","107,1","0,72","0,65","0,41","0,06","0,09","0,73","0,8"
nobody,kayo,26,1,194,"0,89",120,"0,69","0,65","0,58","0,04","0,04","0,17","0,7"
CHICHOO,viper,301,"1,04","195,3","1,02","128,7","0,69","0,68","0,25","0,07","0,08","2,06",1
CHICHOO,cypher,206,"1,07",185,"1,1","126,2","0,74","0,69","0,21","0,07","0,08","1,43","0,9"
CHICHOO,killjoy,76,"0,99","202,8","1,08","139,3","0,75","0,75","0,12","0,12","0,09","0,57","0,8"
CHICHOO,astra,62,"0,83","160,3","0,85","105,5","0,63","0,55","0,39","0,09","0,07","0,34","0,7"
CHICHOO,sage,57,"1,35",201,"1,47","142,1","0,82","0,77","0,33","0,08","0,05","0,44","0,7"
CHICHOO,omen,43,"1,3",242,"1,32",147,"0,84","0,86","0,44","0,05","0,07","0,37","0,7"
AAAAY,viper,229,"1,04","207,9","1,17","129,5","0,7","0,8","0,15","0,06","0,05","1,83",1
AAAAY,killjoy,152,"1,29","234,8","1,35","154,6","0,7","0,86","0,09","0,1","0,05","1,31","0,9"
AAAAY,sage,37,"1,03",183,1,"122,5","0,76","0,68","0,3","0,11","0,05","0,25","0,8"
AAAAY,clove,19,,177,"1,33",,,"0,63","0,63",,,"0,12","0,7"
AAAAY,brimstone,18,"1,88",358,"1,71",230,"0,83","1,33","0,39","0,11",0,"0,24","0,7"
BerLIN,omen,129,"0,77","171,5","0,78","103,1","0,7","0,57","0,37","0,03","0,09","0,73",1
BerLIN,astra,115,"0,85","156,8","0,87","99,3","0,79","0,57","0,44","0,08","0,12","0,66","0,9"
BerLIN,skye,53,,"201,5","0,97",,,"0,64","0,45",,,"0,34","0,8"
BerLIN,fade,48,"0,85","151,5","0,82",105,"0,73","0,58","0,17","0,08","0,15","0,28","0,7"
BerLIN,kayo,40,"1,45","240,5","1,38","157,2","0,83","0,83","0,75","0,08","0,1","0,33","0,7"
BerLIN,gekko,32,,173,"0,63",,,"0,53","0,13",,,"0,17","0,7"
BerLIN,sova,20,,113,"0,41",80,"0,5","0,35","0,2","0,05","0,15","0,07","0,7"
BerLIN,viper,18,"0,32",123,"0,35",100,"0,5","0,33","0,17","0,06","0,22","0,06","0,7"
Ben1Ley,waylay,262,"0,85","187,1","0,89","123,4","0,67","0,65","0,18","0,11","0,15","1,7",1
Ben1Ley,astra,48,,"192,5","0,92",,,"0,69","0,33",,,"0,33","0,9"
Ben1Ley,omen,19,,245,"1,23",,,"0,84","0,53",,,"0,16","0,8"
Ben1Ley,brimstone,18,,193,"0,69",,,"0,61","0,56",,,"0,11","0,7"
Setrod,neon,310,"0,91","192,3","0,91","122,3","0,69","0,68","0,17","0,13","0,16","2,1",1
Setrod,yoru,48,"1,08",225,"1,03","146,7","0,73","0,81","0,17","0,15","0,15","0,39","0,9"
Setrod,tejo,40,"0,94","150,5","0,81","122,1","0,8","0,53","0,3","0,08","0,05","0,21","0,8"
Setrod,waylay,37,,244,"1,14",,,"0,86","0,24",,,"0,32","0,7"
Setrod,viper,20,,229,"1,13",149,"0,7","0,85","0,3",0,"0,1","0,17","0,7"
kovaQ,fade,259,"0,9","185,7","0,98","122,1","0,72","0,67","0,2","0,09","0,11","1,73",1
kovaQ,sova,240,"1,2","236,9","1,2","158,4","0,76","0,81","0,26","0,11","0,09","1,94","0,9"
kovaQ,tejo,51,1,"201,7","0,83","145,9","0,7","0,67","0,24","0,03","0,03","0,34","0,8"
kovaQ,skye,38,"0,97",200,"0,84","126,4","0,66","0,71","0,32","0,05","0,05","0,27","0,7"
kovaQ,chamber,19,,189,"1,36",,,"0,79",0,,,"0,15","0,7"
jkuro,omen,345,"0,86","186,5","0,93","109,1","0,76","0,66","0,44","0,07","0,08","2,27",1
jkuro,astra,200,"1,13","193,2","1,04","127,5","0,74","0,68","0,45","0,06","0,09","1,36","0,9"
jkuro,brimstone,132,"1,1","206,5","1,02","133,7","0,75","0,7","0,55","0,09","0,09","0,92","0,8"
jkuro,cypher,112,"0,99","178,4","1,04","116,5","0,66","0,67","0,23","0,05","0,06","0,75","0,7"
Stew,neon,206,"0,94",218,"1,1","138,9","0,73","0,8","0,17","0,19","0,13","1,65",1
Stew,raze,185,"0,96","211,8","1,09","142,4","0,71","0,75","0,16","0,17","0,11","1,39","0,9"
Stew,omen,122,"1,26",227,"1,27","142,7","0,81","0,85","0,49","0,06","0,04","1,04","0,8"
Stew,waylay,106,"0,91","184,2","0,92","112,5","0,67","0,67","0,2","0,08","0,16","0,71","0,7"
Stew,yoru,58,,"234,7","1,17",,,"0,83","0,36",,,"0,48","0,7"
Stew,brimstone,48,"1,25","237,5","1,15","144,1","0,85","0,81","0,73","0,06","0,1","0,39","0,7"
Stew,chamber,23,"0,55",107,"0,59",73,"0,61","0,43","0,09",0,"0,22","0,1","0,7"
Stew,jett,21,"1,31",258,"1,06",156,"0,81","0,81","0,19","0,24","0,05","0,17","0,7"
Stew,phoenix,20,"0,94",213,"0,88",141,"0,65","0,7","0,2","0,15","0,2","0,14","0,7"
Yuicaw,viper,203,"1,23","226,1","1,18","149,5","0,74","0,79","0,33","0,11","0,07","1,61",1
Yuicaw,cypher,171,"1,15","192,9","0,9","147,7","0,74","0,64","0,28","0,14","0,07","1,1","0,9"
Yuicaw,waylay,170,"0,88",180,"0,87","115,9","0,69","0,61","0,31","0,14","0,18","1,04","0,8"
Yuicaw,killjoy,166,"0,93","198,6","1,11","128,6","0,59","0,72","0,08","0,05","0,09","1,2","0,7"
Yuicaw,chamber,79,,217,"1,47",,,"0,84","0,09",,,"0,66","0,7"
zhe,yoru,320,"0,91","187,2","0,99","110,9","0,7","0,67","0,22","0,13","0,17","2,14",1
zhe,neon,297,"1,2","263,5","1,26",158,"0,75","0,91","0,25","0,19","0,13","2,7","0,9"
zhe,viper,133,"1,33",243,"1,38","171,8","0,79","0,82","0,35","0,13","0,05","1,09","0,8"
zhe,vyse,20,"1,05",205,"1,09",150,"0,9","0,6","0,55","0,15","0,05","0,12","0,7"
zhe,breach,19,"0,65",117,"0,57",68,"0,68","0,42","0,53","0,05","0,05","0,08","0,7"
coconut,sova,402,"1,07","182,9","0,99",128,"0,69","0,63","0,28","0,07","0,07","2,52",1
coconut,fade,215,"0,93","168,1","0,89","108,7","0,68","0,61","0,24","0,04","0,07","1,31","0,9"
coconut,skye,153,"0,85","174,3","0,9","95,1","0,8","0,59","0,59","0,03","0,07","0,91","0,8"
coconut,tejo,19,"0,55",142,"0,44",114,"0,63","0,37","0,37","0,05","0,05","0,07","0,7"
Ezeir,omen,166,"0,87","168,1","0,73",117,"0,73","0,58","0,34","0,07","0,05","0,96",1
Ezeir,brimstone,60,"1,15","220,3","1,08","139,1","0,72","0,72","0,47","0,03","0,03","0,43","0,9"
Ezeir,tejo,42,"0,94",176,"0,9","120,6","0,64","0,62","0,29","0,1","0,1","0,26","0,8"
Ezeir,astra,34,,250,"1,19",,,"0,91","0,21",,,"0,31","0,7"
Ezeir,viper,23,"0,99",171,"0,81",103,"0,57","0,57","0,26","0,04",0,"0,13","0,7"
Ezeir,fade,17,"0,5",114,"0,4",71,"0,41","0,35","0,12","0,06","0,06","0,06","0,7"
Ezeir,cypher,16,"1,06",238,"0,85",175,"0,69","0,69","0,44","0,06","0,06","0,11","0,7"
OBONE,omen,56,"0,91","173,7","0,73","118,1","0,64","0,59","0,3","0,02","0,13","0,33",1
OBONE,viper,53,,"179,5","0,74",,,"0,6","0,15",,,"0,32","0,9"
OBONE,astra,42,"1,16",219,"1,26",141,"0,69","0,81","0,36","0,12","0,07","0,34","0,8"
Swagzor,neon,352,"1,07","237,6","1,13","152,3","0,7","0,84","0,2","0,22","0,2","2,96",1
Swagzor,waylay,221,"1,1","231,6","1,22","148,6","0,68","0,81","0,23","0,19","0,17","1,79","0,9"
Swagzor,raze,211,"1,02","232,3","1,06","153,7","0,7","0,78","0,18","0,19","0,15","1,64","0,8"
Swagzor,yoru,123,"1,18",269,"1,3","163,1","0,73","0,92","0,3","0,21","0,21","1,13","0,7"
Swagzor,chamber,15,"0,4",126,"0,43",71,"0,53","0,4","0,13","0,13","0,47","0,06","0,7"
Green,viper,147,"0,75","161,1","0,66","107,4","0,66","0,51","0,26","0,05","0,06","0,75",1
Green,yoru,50,"0,48","160,5","0,71",116,"0,69","0,58","0,32","0,13","0,25","0,29","0,9"
Green,waylay,40,"0,89","141,5","0,62",92,"0,86","0,45","0,38","0,14","0,1","0,18","0,8"
Green,killjoy,24,"0,95",206,"0,94",130,"0,54","0,71","0,13","0,04",0,"0,17","0,7"
Green,skye,24,"1,06",199,1,135,"0,71","0,67","0,38","0,13","0,08","0,16","0,7"
Green,raze,23,"1,11",231,"1,12",145,"0,65","0,83",0,"0,17","0,17","0,19","0,7"
Green,veto,18,"1,35",282,"1,58",185,"0,83","1,06","0,06","0,22",0,"0,19","0,7"
Green,kayo,17,"0,64",152,"0,57",105,"0,53","0,47","0,41","0,06","0,18","0,08","0,7"
Green,breach,15,"0,39",87,"0,29",57,"0,47","0,27","0,2",0,"0,13","0,04","0,7"
qiutiaN,sova,75,"0,74","160,5","0,7","111,8","0,68","0,56","0,24","0,05","0,08","0,42",1
qiutiaN,fade,72,"1,28","238,7","1,29","151,4","0,71","0,86","0,29","0,11","0,03","0,62","0,9"
qiutiaN,chamber,60,"1,02","216,3","1,07","142,9","0,7","0,77","0,13","0,18","0,08","0,46","0,8"
qiutiaN,astra,50,"1,07","200,5","0,89",141,"0,8","0,62","0,56","0,16","0,12","0,31","0,7"
qiutiaN,killjoy,37,"1,15","202,5","1,13",139,"0,78","0,7","0,19","0,19","0,16","0,26","0,7"
qiutiaN,jett,24,"0,79",195,"0,84",128,"0,67","0,67","0,13","0,21","0,08","0,16","0,7"
qiutiaN,viper,24,"0,94",181,"1,07",114,"0,67","0,63","0,21","0,08","0,04","0,15","0,7"
qiutiaN,skye,21,"0,88",191,"0,87",124,"0,71","0,62","0,33","0,1","0,05","0,13","0,7"
qiutiaN,yoru,18,"0,79",189,"0,85",115,"0,72","0,61","0,22","0,06","0,22","0,11","0,7"
qiutiaN,tejo,15,"0,63",147,"0,43",110,"0,67","0,4","0,4","0,07","0,07","0,06","0,7"
GuanG,neon,72,"0,63","145,3","0,63","102,7","0,53","0,53","0,14","0,1","0,19","0,38",1
GuanG,cypher,70,"0,85","146,7","0,93","94,5","0,71","0,59","0,09","0,03","0,1","0,41","0,9"
GuanG,jett,68,"0,93",209,"1,06","117,5","0,62","0,79","0,1","0,18","0,21","0,54","0,8"
GuanG,waylay,41,"1,24","238,5","1,4","145,2","0,68","0,85","0,27","0,1","0,17","0,35","0,7"
GuanG,killjoy,41,"0,78","182,5","0,76","123,6","0,59","0,61","0,05","0,1","0,02","0,25","0,7"
GuanG,chamber,24,"1,16",213,"1,27",141,"0,75","0,79","0,08","0,17",0,"0,19","0,7"
GuanG,vyse,23,"0,91",179,"0,72",122,"0,65","0,57","0,26","0,13","0,09","0,13","0,7"
GuanG,raze,19,,260,"1,07",,,"0,84","0,32",,,"0,16","0,7"
CoCo,viper,452,"1,09","224,3","1,14","145,8","0,75","0,78","0,3","0,08","0,09","3,54",1
CoCo,brimstone,85,"1,21",227,"1,15","136,6","0,76","0,74","0,69","0,08","0,05","0,63","0,9"
CoCo,killjoy,22,,162,"0,8",,,"0,55","0,14",,,"0,12","0,8"
CoCo,omen,22,1,158,"0,87",107,"0,73","0,59","0,45",0,"0,05","0,13","0,7"
CoCo,fade,20,"0,69",103,"0,44",76,"0,45","0,35","0,2",0,"0,05","0,07","0,7"
CoCo,cypher,18,"0,21",79,"0,25",54,"0,5","0,22","0,22",0,"0,28","0,04","0,7"
Haodong,omen,237,"0,82","154,9","0,82","95,9","0,72","0,55","0,35","0,06","0,07","1,31",1
Haodong,astra,154,"0,92",183,"1,01","114,7","0,67","0,66","0,33","0,01","0,09","1,01","0,9"
Haodong,cypher,107,"0,88",180,"0,97","109,7","0,7","0,65","0,15","0,14","0,12","0,7","0,8"
Haodong,brimstone,77,"1,33","222,3","1,4",153,"0,75","0,82","0,34","0,1","0,05","0,63","0,7"
Haodong,kayo,23,"1,33",234,"1,62",140,"0,87","0,91","0,3","0,04","0,04","0,21","0,7"
Haodong,harbor,21,"1,02",230,"1,13",147,"0,67","0,86","0,38","0,05","0,05","0,18","0,7"
Spitfires,waylay,316,1,"214,9","1,04","140,2","0,72","0,75","0,23","0,17","0,12","2,37",1
lucas,sova,261,"1,07",207,"1,05","140,1","0,72","0,72","0,24","0,07","0,08","1,87",1
lucas,skye,253,"1,1","192,8","1,16","123,1","0,73","0,72","0,34","0,06","0,05","1,81","0,9"
lucas,fade,85,"0,94",185,"0,92",119,"0,7","0,65","0,27","0,05","0,11","0,55","0,8"
lucas,tejo,20,"0,98",203,"0,81",137,"0,5","0,65","0,15",0,"0,05","0,13","0,7"
dynamite,neon,420,"0,97","201,6","0,96","129,6","0,71","0,7","0,23","0,12","0,16","2,92",1
dynamite,yoru,119,"1,09","218,4","1,21","139,1","0,65","0,79","0,16","0,1","0,1","0,94","0,9"
dynamite,waylay,61,"0,82",179,"0,85","116,2","0,64","0,64","0,16","0,15","0,16","0,39","0,8"
dynamite,killjoy,19,,178,"1,3",,,"0,68","0,16",,,"0,13","0,7"
Scales,viper,635,"1,11","212,4","1,11","141,8","0,75","0,74","0,22","0,11","0,06","4,73",1
Scales,killjoy,60,"0,67",143,"0,65",108,"0,53","0,5","0,12","0,07","0,07","0,3","0,9"
Scales,cypher,41,"0,97",173,"1,13","114,8","0,78","0,66","0,15","0,12","0,12","0,27","0,8"
Scales,veto,25,"0,83",165,"0,79",118,"0,64","0,6","0,12","0,04","0,12","0,15","0,7"
Scales,chamber,17,"0,7",169,"0,6",113,"0,71","0,53","0,24","0,18","0,12","0,09","0,7"
Erv,omen,325,"1,09","192,7","0,99","129,7","0,72","0,68","0,44","0,06","0,09","2,2",1
Erv,waylay,165,"0,95","185,6","0,91","128,2","0,71","0,63","0,25","0,1","0,13","1,04","0,9"
Erv,astra,113,"1,21","190,2","1,16","136,8","0,74","0,72","0,28","0,03","0,08","0,81","0,8"
Erv,kayo,60,"1,48",269,"1,68","181,8","0,88","0,95","0,7","0,03","0,02","0,57","0,7"
Erv,phoenix,59,"1,3","231,7",1,169,"0,83","0,73","0,53","0,15","0,03","0,43","0,7"
Erv,brimstone,56,"0,87","172,3","1,06",108,"0,81","0,61","0,43","0,06",0,"0,34","0,7"
SLOWLY,yoru,356,"1,02","227,2","1,09","143,1","0,72","0,8","0,26","0,15","0,13","2,84",1
SLOWLY,killjoy,117,"0,86","203,3","0,99",127,"0,61","0,7","0,12","0,05","0,14","0,82","0,9"
SLOWLY,brimstone,106,"1,33","245,8","1,49","163,5","0,8","0,89","0,45","0,06","0,07","0,94","0,8"
SLOWLY,astra,101,"1,11","200,4","1,09","137,1","0,73","0,7","0,29","0,05","0,09","0,71","0,7"
SLOWLY,omen,77,"1,09",218,"1,09","127,3","0,88","0,78","0,43","0,02","0,1","0,6","0,7"
SLOWLY,cypher,21,"1,16",218,"1,07",149,"0,71","0,76","0,33","0,05","0,05","0,16","0,7"
splash,neon,481,"1,01","242,9","1,03","154,1","0,7","0,83","0,23","0,19","0,17","3,98",1
splash,waylay,129,"1,13",235,"1,14","151,4","0,72","0,84","0,23","0,17","0,13","1,08","0,9"
splash,jett,112,"1,27","275,4","1,42","183,7","0,76",1,"0,09","0,27","0,2","1,12","0,8"
splash,raze,56,"1,33","255,3","1,8",148,"0,94","0,96","0,2","0,06",0,"0,54","0,7"
sword9,sova,334,"0,95","163,8","0,9",115,"0,71","0,59","0,24","0,06","0,07","1,98",1
sword9,fade,284,"0,94","153,5","0,86","105,8","0,71","0,53","0,26","0,05","0,07","1,51","0,9"
sword9,skye,142,"0,87","145,8","0,82","99,2","0,68","0,5","0,36","0,01","0,08","0,71","0,8"
sword9,tejo,18,"1,16",172,"1,33",124,"0,89","0,67","0,28","0,06",0,"0,12","0,7"
Abo,viper,258,"0,9",172,"0,88","116,8","0,66","0,59","0,22","0,06","0,09","1,52",1
Abo,killjoy,96,"1,09","202,3","1,11","137,9","0,7","0,71","0,17","0,11","0,07","0,68","0,9"
Abo,neon,89,"0,87","199,3","0,83","123,6","0,65","0,67","0,19","0,19","0,18","0,6","0,8"
Abo,omen,23,"0,6",132,"0,67",85,"0,74","0,52","0,17","0,04","0,09","0,12","0,7"
Abo,cypher,21,"0,6",166,"0,79",1,"0,76","0,52","0,19","0,05","0,1","0,11","0,7"
Abo,chamber,18,"1,85",331,"3,29",198,"0,94","1,28","0,06","0,5",0,"0,23","0,7"
Abo,vyse,18,"1,61",282,"2,38",197,"0,89","1,06","0,28","0,06","0,06","0,19","0,7"
Kai,neon,257,"1,09","228,4","1,17","144,5","0,72","0,82","0,17","0,18","0,16","2,11",1
Kai,yoru,95,"0,94","208,3","0,96","136,9","0,72","0,74","0,16","0,13","0,12","0,7","0,9"
Kai,jett,90,"0,95","226,3","1,09","140,2","0,68","0,82","0,14","0,12","0,16","0,74","0,8"
Kai,raze,59,"1,13",239,"1,07","156,5","0,78","0,78","0,19","0,1","0,14","0,46","0,7"
Kai,waylay,43,"1,22",242,"1,48","165,2","0,74","0,93","0,19","0,21","0,07","0,4","0,7"
Kai,chamber,20,,200,"1,07",,,"0,8","0,15",,,"0,16","0,7"
Kai,cypher,18,,68,"0,19",,,"0,17","0,28",,,"0,03","0,7"
LuoK1ng,astra,90,"0,88","159,5","0,85","110,8","0,71","0,61","0,3","0,11","0,12","0,55",1
LuoK1ng,omen,80,"0,91",164,"0,92","108,6","0,71","0,61","0,31","0,04","0,04","0,49","0,9"
LuoK1ng,viper,24,"1,23",222,"1,27",144,"0,71","0,79","0,29","0,08","0,17","0,19","0,8"
LuoK1ng,brimstone,21,"1,19",186,"1,17",128,"0,81","0,67","0,52","0,05",0,"0,14","0,7"
FengF,breach,74,"0,81","169,3","0,72","124,3","0,74","0,57","0,45","0,03","0,07","0,42",1
FengF,waylay,43,"0,97","208,5","1,03","139,2","0,65","0,74","0,19","0,14","0,14","0,32","0,9"
FengF,omen,24,"1,02",211,"1,06",136,"0,75","0,75","0,29","0,04","0,17","0,18","0,8"
FengF,raze,21,"1,31",280,"1,5",173,"0,76",1,"0,1","0,24","0,14","0,21","0,7"
FengF,killjoy,20,"0,75",142,"0,6",106,"0,75","0,45","0,05","0,05","0,05","0,09","0,7"
FengF,kayo,17,"1,62",280,"2,11",175,"0,82","1,12","0,24","0,12","0,06","0,19","0,7"
FengF,sova,16,"0,29",80,"0,23",70,"0,44","0,19","0,06",0,"0,19","0,03","0,7"
Viva,sova,210,"0,94",182,"0,9","126,1","0,67","0,62","0,25","0,06","0,06","1,31",1
Viva,fade,161,"0,99",175,"0,9","122,5","0,8","0,6","0,32","0,09","0,1","0,96","0,9"
Viva,skye,156,"0,74","129,7","0,58","88,1","0,75","0,38","0,44","0,03","0,08","0,6","0,8"
Viva,tejo,37,"0,76",167,"0,65","122,8","0,7","0,54","0,27","0,08","0,14","0,2","0,7"
Viva,yoru,18,,213,"0,93",,,"0,72","0,06",,,"0,13","0,7"
deLb,viper,153,"1,03","201,7","1,08","129,4","0,75","0,69","0,25","0,08","0,12","1,06",1
deLb,omen,149,"0,98","179,1",1,"113,5","0,71","0,66","0,31","0,06","0,09","0,98","0,9"
deLb,brimstone,89,"1,36",265,"1,38","177,6","0,83","0,93","0,43","0,09","0,06","0,83","0,8"
deLb,waylay,74,"1,06","248,3","1,05","161,9","0,62","0,85","0,16","0,24","0,12","0,63","0,7"
deLb,veto,59,"1,22","231,3","1,25","147,4","0,73","0,85","0,08","0,19","0,08","0,5","0,7"
deLb,yoru,24,"0,79",202,"0,75",137,"0,67","0,63","0,38","0,17","0,04","0,15","0,7"
deLb,astra,18,,309,"1,46",,,"1,06","0,17",,,"0,19","0,7"
deLb,chamber,16,"1,03",232,"0,93",145,"0,56","0,81","0,06","0,06","0,13","0,13","0,7"
jowa,omen,166,"0,92","167,6","0,76","107,7","0,75","0,55","0,45","0,06","0,1","0,91",1
jowa,yoru,65,"1,15","223,3",1,145,"0,85","0,77","0,29","0,19","0,04","0,5","0,9"
jowa,tejo,64,"1,02","182,7","0,84","127,1","0,77","0,59","0,34","0,09","0,08","0,38","0,8"
jowa,brimstone,63,"1,2","243,3","1,27","147,5","0,78","0,83","0,51","0,08","0,1","0,52","0,7"
jowa,raze,55,"0,7",193,1,128,"0,61","0,69","0,15","0,13","0,22","0,38","0,7"
jowa,breach,44,"0,92",160,"0,74","103,5","0,75","0,52","0,5","0,07","0,07","0,23","0,7"
jowa,astra,42,"0,76","178,5","0,69","117,4","0,62","0,57","0,38","0,12","0,07","0,24","0,7"
jowa,kayo,14,"0,31",59,"0,17",39,"0,5","0,14","0,29",0,"0,14","0,02","0,7"
Spring,viper,178,"1,1","223,9","1,06","148,7","0,7","0,76","0,29","0,1","0,08","1,35",1
Spring,waylay,85,"0,59","140,3","0,62","83,7","0,62","0,48","0,33","0,07","0,14","0,41","0,9"
Spring,neon,59,"1,01","235,7","1,07","147,9","0,73","0,81","0,2","0,1","0,15","0,48","0,8"
Spring,astra,57,"0,87","151,3","0,67","97,4","0,7","0,46","0,46",0,"0,12","0,26","0,7"
Spring,yoru,48,"1,03",200,"0,97",126,"0,65","0,71","0,25","0,13","0,13","0,34","0,7"
Spring,brimstone,44,"1,42","258,5","1,31","170,7","0,75","0,86","0,48","0,11","0,07","0,38","0,7"
Spring,raze,42,"1,11",240,"1,09","159,4","0,67","0,83","0,19","0,12","0,19","0,35","0,7"
SiuFatBB,fade,181,"0,84",159,"0,96",97,"0,66","0,6","0,28","0,01","0,07","1,08",1
SiuFatBB,sova,162,1,"169,5","0,91","119,5","0,7","0,59","0,22","0,07","0,02","0,96","0,9"
SiuFatBB,skye,126,"0,84","138,5","0,74","86,4","0,75","0,48","0,42","0,03","0,06","0,61","0,8"
SiuFatBB,tejo,44,"1,06","192,5","1,07","142,4","0,75","0,68","0,27","0,02","0,07","0,3","0,7"
yosemite,viper,135,"0,92","203,3","0,86","134,4","0,62","0,65","0,21","0,09","0,1","0,88",1
yosemite,killjoy,130,"1,18","233,5","1,26","152,9","0,73","0,87","0,18","0,07","0,07","1,13","0,9"
yosemite,veto,68,"1,17",258,"1,29","172,4","0,77","0,97","0,07","0,14","0,07","0,66","0,8"
yosemite,cypher,66,"0,9","184,7","0,84","124,7","0,71","0,64","0,17","0,09","0,11","0,42","0,7"
yosemite,brimstone,59,"1,13",189,1,130,"0,7","0,68","0,42","0,07","0,09","0,4","0,7"
yosemite,omen,32,,193,1,,,"0,63","0,38",,,"0,2","0,7"
yosemite,vyse,23,"0,72",139,"0,8",81,"0,61","0,52","0,13","0,04","0,04","0,12","0,7"
happywei,viper,491,"1,21","238,8","1,3","159,1","0,76","0,84","0,27","0,11","0,08","4,11",1
happywei,astra,154,"1,28","221,6","1,35","142,1","0,77","0,8","0,47","0,08","0,07","1,23","0,9"
happywei,veto,23,"0,74",171,"0,72",126,"0,48","0,57","0,13","0,17","0,13","0,13","0,8"
Lysoar,omen,413,"1,03","201,3","1,06","130,9","0,78","0,73","0,36","0,06","0,05","3,01",1
Lysoar,brimstone,172,"1,15","197,1","1,08","130,8","0,75","0,66","0,47","0,06","0,02","1,14","0,9"
Lysoar,killjoy,61,"0,93","175,3","0,9","124,5","0,75","0,62","0,16","0,02","0,05","0,38","0,8"
Lysoar,sage,22,"1,02",210,1,139,"0,82","0,77","0,14","0,05","0,09","0,17","0,7"
NoMan,waylay,500,"0,99","199,4","1,1","126,3","0,71","0,73","0,19","0,15","0,15","3,67",1
NoMan,killjoy,97,"0,8","161,2","0,77","102,4","0,62","0,55","0,12","0,11","0,07","0,53","0,9"
NoMan,jett,26,"0,59",157,"0,68",110,"0,54","0,5","0,19","0,08","0,23","0,13","0,8"
NoMan,tejo,23,"0,89",190,"1,06",114,"0,7","0,74","0,09","0,04","0,13","0,17","0,7"
NoMan,neon,22,"0,24",55,"0,24",42,"0,5","0,18","0,27","0,05","0,27","0,04","0,7"
Rarga,neon,370,"0,83",212,"0,91","130,7","0,69","0,71","0,21","0,17","0,17","2,64",1
Rarga,yoru,276,"0,98",223,"1,09","143,2","0,75","0,79","0,16","0,15","0,12","2,17","0,9"
Rarga,chamber,22,"1,11",252,"1,18",162,"0,59","0,91","0,05","0,27","0,09","0,2","0,8"
WsLeo,skye,273,"1,04",186,"1,06","118,6","0,77","0,66","0,45","0,07","0,04","1,8",1
WsLeo,sova,238,"0,93","181,2","0,87","127,5","0,74","0,59","0,32","0,08","0,06","1,41","0,9"
WsLeo,fade,157,"0,88","173,9","0,96","114,5","0,72","0,64","0,27","0,05","0,08","1,01","0,8"